mesh_level,time,L2_error,Linf_error,max_abs_q
8,0.0,0.0,0.0,1.0
8,0.0039062499999999996,2.50315249194567e-06,1.53640538896032e-05,0.9999237274524947
8,0.007812499999999999,4.56603671104452e-06,3.5755799018814816e-05,0.9999999631721282
8,0.011718749999999998,6.382737425495875e-06,6.181514815115086e-05,0.9994257657711774
8,0.015624999999999998,8.144725403087083e-06,9.145058998030753e-05,0.9998899032872314
8,0.019531249999999997,9.909526101797853e-06,0.00012203493521453779,0.9998684992528233
8,0.023437499999999997,1.16968021546779e-05,0.0001518918683136028,0.9994678209048977
8,0.027343749999999997,1.3559962638154543e-05,0.00018057815826655332,0.9999979916166282
8,0.031249999999999997,1.5589291443099508e-05,0.00020849936625227938,0.9999980577683074
8,0.03515624999999999,1.7888471902558678e-05,0.0002363424767095057,1.0000026535221365
8,0.03906249999999999,2.0551271125206416e-05,0.0002653131942648712,0.9994626006361015
8,0.04296874999999999,2.3647613705567104e-05,0.0002961253652477569,0.9998645004178034
8,0.04687499999999999,2.7221388916735906e-05,0.00032838625960518453,0.9998923036013172
8,0.05078124999999999,3.1297081451496855e-05,0.00036192433078596764,0.9994300305440612
8,0.05468749999999999,3.5889024973335684e-05,0.0003965116369453181,1.0000002201567246
8,0.05859374999999999,4.100836064667787e-05,0.0004319872878900677,0.9999236553820519
8,0.06249999999999999,4.666632725607634e-05,0.0004683030171467317,1.000009819490001
8,0.06640624999999999,5.2874843527483786e-05,0.000505476240039493,0.999871729080176
8,0.07031249999999999,5.9645672098543854e-05,0.0005435088261831478,1.0000096176343511
8,0.07421874999999999,6.698888716815439e-05,0.0005822999487222758,0.9994320374928947
8,0.07812499999999999,7.491093129314392e-05,0.0006215809166963959,0.9998933169558039
8,0.08203124999999999,8.34124787739494e-05,0.0006608875241601586,0.9999105556170826
8,0.08593749999999999,9.248641281129851e-05,0.0006996067278355333,0.9995117080135469
8,0.08984374999999999,0.00010211626681290918,0.0007371738420320906,0.9999949847802195
8,0.09374999999999999,0.00011227542836206,0.000772773075684019,1.0000299964406185
8,0.09765624999999999,0.00012292729538315158,0.0008054758532777262,1.000035642322367
8,0.10156249999999999,0.0001340264434817011,0.0008345845438505473,0.9993254754355123
8,0.10546874999999999,0.00014552072237883405,0.000873565926002462,0.9997144210042738
8,0.10937499999999999,0.00015735405668082568,0.0009209162652137337,1.0000093370605252
8,0.11328124999999999,0.0001694696067796896,0.0009648449503387724,0.9995488254587427
8,0.11718749999999999,0.00018181288358575418,0.0010072953650377414,1.0001017282097935
8,0.12109374999999999,0.00019433442823808133,0.001048772107502649,0.9999322654627038
8,0.12499999999999999,0.00020699176012894108,0.0010881447716498682,1.0000443980815692
8,0.12890624999999997,0.00021975043407411357,0.0011259837756091295,0.9998883400485473
8,0.13281249999999997,0.0002325841920774602,0.0011629344005574804,1.0000579478663836
8,0.13671874999999997,0.00024547431715548284,0.001199617303098588,0.9994496461173454
8,0.14062499999999997,0.0002584083829445514,0.0012365421721364234,0.9999153057744018
8,0.14453124999999997,0.0002713786435975641,0.0012740484129782903,1.0000066310566456
8,0.14843749999999997,0.00028438032862029123,0.0013122807718788376,0.9996048097491194
8,0.15234374999999997,0.0002974100990600254,0.001351200759194815,1.0000292763350562
8,0.15624999999999997,0.00031046488357572207,0.0013906280695256124,1.0000718383208727
8,0.16015624999999997,0.00032354124485222703,0.0014303011919049036,1.0001964444922742
8,0.16406249999999997,0.0003366353339832172,0.0014743115201386603,0.9994394620877947
8,0.16796874999999997,0.0003497433862174221,0.001526993174365221,0.9998395747564832
8,0.17187499999999997,0.00036286261467081613,0.0015796940320936814,1.0001750831072647
8,0.17578124999999997,0.0003759922880377771,0.0016323027088558373,0.9999645564259104
8,0.17968749999999997,0.00038913474720945535,0.0016846905101906007,1.0006422929293632
8,0.18359374999999997,0.0004022961285052338,0.0017367052833385799,0.9999846165159536
8,0.18749999999999997,0.00041548661356096653,0.0017881674160893368,1.0003766939224124
8,0.19140624999999997,0.00042872010674689393,0.001838868610030353,0.9998934042230987
8,0.19531249999999997,0.0004420133357325332,0.0018885735597528042,1.0001036057224961
8,0.19921874999999997,0.000455384464263104,0.0019370241909196784,0.9994870760466421
8,0.20312499999999997,0.0004688513846202589,0.001985394660526052,0.9999540652239114
8,0.20703124999999997,0.0004824299097084228,0.002034295703555733,1.0000844446162156
8,0.21093749999999997,0.0004961321041287142,0.0020819825117427415,0.9996878662104668
8,0.21484374999999997,0.000509964977437825,0.002180590262791937,1.000212311621896
8,0.21874999999999997,0.0005239297136539425,0.0022806280001711476,1.0001923500260945
8,0.22265624999999997,0.0005380215367637921,0.0023819211204758606,1.0004906052481966
8,0.22656249999999997,0.0005522302246322354,0.002484294188718761,0.9992732412309857
8,0.23046874999999997,0.0005665411978363744,0.0025875698157339366,0.9997609180931206
8,0.23437499999999997,0.000580937039727641,0.0026915667282514377,1.0004578977950491
8,0.23828124999999997,0.0005953992604442959,0.002796097448725776,1.000515944285505
8,0.24218749999999997,0.0006099101062106611,0.0029009659786968234,1.0012036280595766
8,0.24609374999999997,0.000624454235291848,0.0030059657963499298,1.0001068436427791
8,0.24999999999999997,0.0006390201269253321,0.0031120381158561417,1.001316506474534
8,0.25390624999999994,0.0006536011490652255,0.0032212733065585253,1.0001685012444368
8,0.25781249999999994,0.0006681962731409849,0.0033300362046593257,1.0001577766009673
8,0.26171874999999994,0.0006828104786002644,0.0034380555422492964,0.9996803362689691
8,0.26562499999999994,0.0006974549289470298,0.003545047220112618,1.0001594637935913
8,0.26953124999999994,0.0007121470201150951,0.0036507140716074415,1.0001371857210586
8,0.27343749999999994,0.0007269104007686717,0.0037547454422135473,0.9997404603248207
8,0.27734374999999994,0.0007417750449622594,0.00385681655279535,1.0006370775738982
8,0.28124999999999994,0.0007567774252395291,0.003956587664281197,1.0005947679040095
8,0.28515624999999994,0.0007719607948967901,0.004053703106378426,1.0009226546290106
8,0.28906249999999994,0.0007873755487385563,0.004147790266246787,0.9997333428093582
8,0.29296874999999994,0.0008030795991595217,0.004364407562914785,0.9998139345437372
8,0.29687499999999994,0.0008191386848166032,0.004586169547318053,1.0010537711288354
8,0.30078124999999994,0.0008356265265432643,0.004817099430696192,1.0007317145288455
8,0.30468749999999994,0.0008526247605928465,0.0050631684228346074,1.0014484608358052
8,0.30859374999999994,0.0008702226103885292,0.005315511793362759,1.0026643178731585
8,0.31249999999999994,0.0008885162990219443,0.005573957787708084,1.004083507680525
8,0.31640624999999994,0.0009076082478328325,0.005838263767649843,1.0030969121552955
8,0.32031249999999994,0.0009276061429786375,0.006108107512220018,1.0011298998637514
8,0.32421874999999994,0.0009486219747356941,0.006383081555133674,1.0002389455256993
8,0.32812499999999994,0.0009707711590572816,0.006662690654746117,1.0007619954403293
8,0.33203124999999994,0.0009941718371406013,0.006946352078266993,1.0001598231629307
8,0.33593749999999994,0.0010189444196553787,0.007233398061030627,1.0001073463891332
8,0.33984374999999994,0.0010452114039293157,0.007523079612897554,1.001418827642605
8,0.34374999999999994,0.0010730974522340244,0.007934408733792697,1.0012934474827866
8,0.34765624999999994,0.0011027296846682902,0.008416309727439675,1.001840968418049
8,0.35156249999999994,0.0011342381167820715,0.008914229983214228,1.0007120143882886
8,0.35546874999999994,0.0011677561633735229,0.009427836228425024,0.9999889784754564
8,0.35937499999999994,0.0012034211363118328,0.009956709093692395,1.0020076001051834
8,0.36328124999999994,0.0012413746834717477,0.01050033804927697,1.0016172235073757
8,0.36718749999999994,0.0012817631432820319,0.01105811665557932,1.0050074210483828
8,0.37109374999999994,0.001324737818952746,0.011629338059834016,1.0091421408265
8,0.37499999999999994,0.0013704552018883177,0.012213190642265337,1.010884061209477
8,0.37890624999999994,0.001419077189917002,0.012808753709023013,1.0102294771189424
8,0.38281249999999994,0.0014707713497512688,0.013414993144598042,1.0079840204806518
8,0.38671874999999994,0.001525711264337733,0.014030756969137914,1.0043593232212673
8,0.39062499999999994,0.0015840769870498561,0.014654770788204652,1.0030991425974942
8,0.39453124999999994,0.0016460556006925762,0.015285633167317236,1.0031412474939354
8,0.39843749999999994,0.0017118418555826336,0.015921811003492103,1.0020318265557673
8,0.40234374999999994,0.0017816388426747985,0.016561634995139296,1.0034509026047238
8,0.40624999999999994,0.001855658648447167,0.017203295327010815,1.002882653035192
8,0.41015624999999994,0.001934122939568312,0.017844837687564286,1.0036633766957168
8,0.41406249999999994,0.002017263436636915,0.01848415972376971,1.0039931171231171
8,0.41796874999999994,0.0021053222551636426,0.019119008016512007,1.0045677612665225
8,0.42187499999999994,0.002198552115016162,0.01997160890310401,1.0044417341897551
8,0.42578124999999994,0.0022972164429305537,0.02130685425056411,1.010483364215345
8,0.42968749999999994,0.0024015894127738424,0.02270025355237182,1.0178849802245686
8,0.43359374999999994,0.0025119559820843593,0.02415150401852073,1.0229469602236931
8,0.43749999999999994,0.002628611989113381,0.02566002780285448,1.0256600278028545
8,0.44140624999999994,0.002751864371485914,0.027224965944014246,1.0260204221491867
8,0.44531249999999994,0.0028820315563356336,0.028845172685029397,1.0240298993572263
8,0.44921874999999994,0.0030194440541776004,0.03051920873111702,1.0196957186958981
8,0.45312499999999994,0.0031644452675652825,0.03224533220873205,1.013649686537114
8,0.45703124999999994,0.0033173925038567365,0.03402148644843561,1.0077485332798217
8,0.46093749999999994,0.0034786581622039767,0.03584528416532362,1.0058459133664654
8,0.46484374999999994,0.0036486310506173153,0.03771398808599036,1.0073467493313977
8,0.46874999999999994,0.003827717781175531,0.039624488499286015,1.0075243676734023
8,0.47265624999999994,0.004016344190651712,0.041573278541682135,1.0093391028309893
8,0.47656249999999994,0.0042149567395329424,0.043556428231870226,1.0087988486772888
8,0.48046874999999994,0.004424023853383721,0.045569558332675064,1.0129033064610287
8,0.48437499999999994,0.004644037184980115,0.04760781505285794,1.0267673436555795
8,0.48828124999999994,0.004875512791612998,0.049698421609416066,1.0384187187689873
8,0.49218749999999994,0.005118992237394376,0.05319472814414872,1.0478392165547656
8,0.49609374999999994,0.0053750436434523985,0.056848103574461795,1.0550159622378177
8,0.49999999999999994,0.005644262718077826,0.060659748802025515,1.0599414154602702
8,0.5039062499999999,0.0059272738032070515,0.06463036624096663,1.0626133496458623
8,0.5078124999999999,0.006224730972741265,0.06876011694233464,1.0630348164287957
8,0.5117187499999999,0.006537319212429848,0.07304857645689689,1.061214094820665
8,0.5156249999999999,0.006865755701353178,0.07749468940278903,1.0571646249016347
8,0.5195312499999999,0.007210791202896276,0.08209672275671598,1.0509049260000098
8,0.5234374999999999,0.007573211560279729,0.08685221795133624,1.0424584995393162
8,0.5273437499999999,0.007953839280020022,0.0917579419285518,1.0318537169519308
8,0.5312499999999999,0.008353535177737468,0.09680983736035931,1.0191603951308081
8,0.5351562499999999,0.008773200055716638,0.10200297229898614,1.0219107145649757
8,0.5390624999999999,0.009213776381207524,0.10733148955211591,1.0417411475560323
8,0.5429687499999999,0.009676249938687724,0.11278855609527672,1.0618874553911937
8,0.5468749999999999,0.01016165143764406,0.11836631283337862,1.0801215767482464
8,0.5507812499999999,0.010671058068810971,0.12405582501542312,1.0964309670918455
8,0.5546874999999999,0.011205595014759779,0.12984703358172467,1.1108081831570138
8,0.5585937499999999,0.011766436933576862,0.135728707708052,1.123250828731531
8,0.5624999999999999,0.012354809445386247,0.1416883987927151,1.1337614862924106
8,0.5664062499999999,0.012971990659150761,0.1477123961243465,1.1423476336767646
8,0.5703124999999999,0.013619312780422799,0.1538368178645101,1.1490215445367071
8,0.5742187499999999,0.014298163838989013,0.16462366113968585,1.153800171104467
8,0.5781249999999999,0.015009989568810682,0.17591972739741224,1.156705007800643
8,0.5820312499999999,0.01575629546211782,0.18773068124908,1.1577619344436243
8,0.5859374999999999,0.016538649006349413,0.20006070248732333,1.1570010382195326
8,0.5898437499999999,0.017358682098596184,0.21291234890300437,1.1544564140860256
8,0.5937499999999999,0.01821809361918102,0.22628641132507943,1.1501659438363667
8,0.5976562499999999,0.01911865213575734,0.24018176144699355,1.1441710545704376
8,0.6015624999999999,0.020062198703196837,0.2545951933988898,1.1365164577472455
8,0.6054687499999999,0.021050649723386623,0.269521260289054,1.1427617072083285
8,0.6093749999999999,0.022085999832995126,0.28495210705484575,1.1688441820435838
8,0.6132812499999999,0.023170324795715617,0.3008773009408747,1.1935817982308323
8,0.6171874999999999,0.024305784387242575,0.31728366078841275,1.216995690390158
8,0.6210937499999999,0.02549462527457759,0.3341550861183221,1.2391123697261945
8,0.6249999999999999,0.02673918390424962,0.3514723867551892,1.2599635559172877
8,0.6289062499999999,0.028041889424738335,0.36921311356018294,1.2795859820881856
8,0.6328124999999999,0.02940526667517981,0.38735139067333124,1.298021170807203
8,0.6367187499999999,0.030831939274224708,0.4058577496237653,1.315315178866476
8,0.6406249999999999,0.032324632839335635,0.42469896569637555,1.3315183087382696
8,0.6445312499999999,0.033886178358257045,0.4438378970591532,1.3466847850379198
8,0.6484374999999999,0.03551951572199944,0.46323332733503725,1.3608723950068335
8,0.6523437499999999,0.03722769741415304,0.48283981251509317,1.3741420928654409
8,0.6562499999999999,0.03901389233671176,0.5026075333246252,1.3865575687668197
8,0.6601562499999999,0.04088138973990651,0.5224821543402614,1.398184783897301
8,0.6640624999999999,0.04283360321460823,0.5424046912901395,1.4090914739275535
8,0.6679687499999999,0.04487407470192637,0.5623113880360561,1.4193466234524783
8,0.6718749999999999,0.04700647847624035,0.5975503019410182,1.4290199142435642
8,0.6757812499999999,0.049234625064798275,0.6349736186035355,1.4381811500841812
8,0.6796874999999999,0.05156246507816516,0.6738892073484112,1.446899660711149
8,0.6835937499999999,0.05399409293953813,0.7142925616585648,1.4552436870135248
8,0.6874999999999999,0.05653375051520981,0.7561729680358824,1.463279749222431
8,0.6914062499999999,0.05918583066110199,0.7995130445961934,1.4710719994432129
8,0.6953124999999999,0.061954880709374896,0.8442882754360159,1.4992886198786857
8,0.6992187499999999,0.06484560592321464,0.8904665412355667,1.5350382130854914
8,0.7031249999999999,0.06786287294630486,0.9380076465493418,1.571005077076705
8,0.7070312499999999,0.07101171326631105,0.9868628444294438,1.6073052777571029
8,0.7109374999999999,0.07429732669986917,1.0369743593064302,1.6440588870952093
8,0.7148437499999999,0.0777250848916633,1.0882749094046098,1.6813893669085203
8,0.7187499999999999,0.08130053480421338,1.1406872304149456,1.71942289812991
8,0.7226562499999999,0.08502940216011716,1.1941236025235074,1.7582876561475027
8,0.7265624999999999,0.08891759478664359,1.248485383234837,1.7981130333920854
8,0.7304687499999999,0.09297120580522308,1.3036625486849267,1.8390288107189443
8,0.7343749999999999,0.09719651660628828,1.3595332463012741,1.8811642792811853
8,0.7382812499999999,0.10159999955305904,1.415963361742458,1.9246473145448766
8,0.7421874999999999,0.10618832036541818,1.4728061030536663,1.9696034039108878
8,0.7460937499999999,0.11096834014552912,1.5299016049314538,2.0161546291628856
8,0.7499999999999999,0.11594711701843424,1.5870765559265578,2.0644186047404514
8,0.7539062499999999,0.12113190737154395,1.644143851350686,2.114507372717076
8,0.7578124999999999,0.12653016668489267,1.7009022746081115,2.1665262554005587
8,0.7617187499999999,0.13214954994796035,1.7571362096533836,2.2205726666952184
8,0.7656249999999999,0.13799791165807845,1.812615387281463,2.276734883767422
8,0.7695312499999999,0.144083305390054,1.8670946679777503,2.335090781106093
8,0.7734374999999999,0.15041398291748012,1.924309792889157,2.395706529715156
8,0.7773437499999999,0.15699839285468978,2.031080171421552,2.4586352648518353
8,0.7812499999999999,0.16384517877623633,2.1412322940325548,2.5239157263976457
8,0.7851562499999999,0.17096317676004413,2.2546810229601286,2.59157087635235
8,0.7890624999999999,0.17836141229265667,2.3713218215205276,2.6616064987749914
8,0.7929687499999999,0.18604909647159695,2.491029607407843,2.734009787311108
8,0.7968749999999999,0.19403562144141318,2.61365760398867,2.8087479260048
8,0.8007812499999999,0.20233055500654532,2.7390361946088873,2.8857666690642505
8,0.8046874999999999,0.21094363437510533,2.866971784988663,2.964988925318225
8,0.8085937499999999,0.21988475900194543,2.9972456788091755,3.0463133531365947
8,0.8124999999999999,0.22916398251562806,3.12961297164125,3.1296129716412513
8,0.8164062499999999,0.238791503730694,3.2638014684563728,3.214733794128956
8,0.8203124999999999,0.24877765676272287,3.3995106301026046,3.3014934897730455
8,0.8242187499999999,0.25913290027821717,3.536410554315088,3.3896800798597275
8,0.8281249999999999,0.2698678059239114,3.6741409970436156,3.4790506750274885
8,0.8320312499999999,0.2809930459908203,3.8123104400906844,3.625811588956665
8,0.8359374999999999,0.2925193803777293,3.950495211232804,3.795070816349228
8,0.8398437499999999,0.3044576429277721,4.088238663119436,3.9631140050631584
8,0.8437499999999999,0.3168187272212563,4.2250504172900545,4.129381529823463
8,0.8476562499999999,0.32961357191899804,4.36040567961385,4.293284612363552
8,0.8515624999999999,0.34285314576395,4.493744633344162,4.45420505850411
8,0.8554687499999999,0.3565484323654057,4.625116813841578,4.611843730481113
8,0.8593749999999999,0.3707104149097562,4.754278999417053,4.766478569874027
8,0.8632812499999999,0.38535006096456154,4.903718227925335,4.916218891736786
8,0.8671874999999999,0.40047830756823055,5.073418589028067,5.060330212695252
8,0.8710937499999999,0.41610604682536,5.2419705347519026,5.2272834746723476
8,0.8749999999999999,0.4322441122572426,5.408733840256827,5.412635838064852
8,0.8789062499999999,0.4489032661877531,5.5730256059342,5.594311783788426
8,0.8828124999999999,0.46609418847644163,5.734119587875147,5.771584701600103
8,0.8867187499999999,0.4838274669431105,5.891245631451213,5.9436926749357255
8,0.8906249999999999,0.5021135898614743,6.043589214550894,6.109838248687129
8,0.8945312499999999,0.5209629409339038,6.190291107020902,6.269188294090813
8,0.8984374999999999,0.5403857971949798,6.330447152903666,6.420873977109773
8,0.9023437499999999,0.5603923303288296,6.463108182102604,6.563990836526445
8,0.9062499999999999,0.5809926119240848,6.587280058101436,6.69759897770569
8,0.9101562499999999,0.6021966232306647,6.7019238682755295,6.820723387644515
8,0.9140624999999999,0.6240142700241776,6.84268052376114,6.9323543765158
8,0.9179687499999999,0.6464554032260005,7.092052187424733,7.031448150454513
8,0.9218749999999999,0.6695298459693882,7.3412037097816345,7.116927519843767
8,0.9257812499999999,0.6932474278434806,7.589319513455202,7.18768274684964
8,0.9296874999999999,0.7176180270869352,7.835525133058852,7.2425725354396535
8,0.9335937499999999,0.7426516215402635,8.078885983451016,7.4448192367688275
8,0.9374999999999999,0.7683583491998748,8.318406250100535,7.767213102104111
8,0.9414062499999999,0.7947485792464323,8.675339444805633,8.09800236472333
8,0.9453124999999999,0.8218329944444385,9.053394138239085,8.436688440029155
8,0.9492187499999999,0.8496226858278625,9.437288614879604,8.782699996586073
8,0.9531249999999999,0.8781292605967911,9.82628440807503,9.13538983101456
8,0.9570312499999999,0.9073649641509088,10.219567913966914,9.494031803690861
8,0.9609374999999999,0.937342817175089,10.616247611899674,9.857817848447151
8,0.9648437499999999,0.9680767686681362,11.015351362635702,10.225855069737468
8,0.9687499999999999,0.9995818657649808,11.415823797680671,10.597162941058027
8,0.9726562499999999,1.031874441142232,11.81652381341818,10.970670618780948
8,0.9765624999999999,1.064972318713546,12.216222184171366,11.41225457866836
8,0.9804687499999999,1.0988950382111553,12.624438445981632,11.905856828201934
8,0.9843749999999999,1.1336640991095004,13.16181610399398,12.409976296515001
8,0.9882812499999999,1.169303224172687,13.707028800660096,12.923742051431445
8,0.9921874999999999,1.2058386426961445,14.259025277795391,13.446178593203776
8,0.9960937499999999,1.2432993932615422,14.8166501830573,13.976201781962862
8,0.9999999999999999,1.2817176455303847,15.378640262359548,14.512614858575109
8,1.0039062499999998,1.3211290402641733,15.943620652106862,15.054104576685006
8,1.0078124999999998,1.3615730463769722,16.510101289179197,15.599237464258021
8,1.0117187499999998,1.4030933334001479,17.07647345706203,16.146456233378018
8,1.0156249999999998,1.44573815727096,17.641006486868566,16.69407635737346
8,1.0195312499999998,1.4895607568502895,18.201844632219153,17.240282834536192
8,1.0234374999999998,1.534619758035944,18.75700413703303,17.783127157755697
8,1.0273437499999998,1.580979581775044,19.3043705152589,18.320524509331822
8,1.0312499999999998,1.6287108517030702,19.841696061442832,18.85025120006902
8,1.0351562499999998,1.6778907965625582,20.366597610829462,19.36994237152028
8,1.0390624999999998,1.7286036419986532,20.876554567439577,19.877089979963213
8,1.0429687499999998,1.7809409858125527,21.368907218285557,20.369041080375997
8,1.0468749999999998,1.8350021503010001,21.840855351589205,21.223010952643033
8,1.0507812499999998,1.8908945049465316,22.382550663526654,22.160167579601033
8,1.0546874999999998,1.948733752476673,23.335722538133304,23.10675836764867
8,1.0585937499999998,2.008644171208474,24.299931147733343,24.061790921569443
8,1.0624999999999998,2.070758806663853,25.274225702474208,25.024241944427118
8,1.0664062499999998,2.135219605704152,26.257620538120445,25.993058951397586
8,1.0703124999999998,2.202177486906306,27.249096722737775,26.967162082825727
8,1.0742187499999998,2.2717923415980494,28.247603772745965,27.945446012872566
8,1.0781249999999998,2.3442329608855403,29.252061474917866,28.926781949793465
8,1.0820312499999998,2.419676885132876,30.261361810550845,29.910019723573626
8,1.0859374999999998,2.4983101736657414,31.274370977696073,30.89398995634491
8,1.0898437499999998,2.5803270939354923,32.2899315070023,31.877506310717834
8,1.0937499999999998,2.665929730947927,33.30686446641471,32.85936781088657
8,1.0976562499999998,2.755327519376099,34.32397174966716,33.838361231102944
8,1.1015624999999998,2.8487367023746892,35.982712519834344,35.51131578300835
8,1.1054687499999998,2.9463797226276704,38.03809261391106,37.523989869717845
8,1.1093749999999998,3.0484845525251525,40.14110192120964,39.58553168819004
8,1.1132812499999998,3.155283971518799,42.290495776642445,41.69479647215001
8,1.1171874999999998,3.2670147995974776,44.4849213589923,43.85052807482866
8,1.1210937499999998,3.383917096418729,46.7229184058377,46.05135945099069
8,1.1249999999999998,3.5062333359064355,49.00292021456718,48.29581343338064
8,1.1289062499999998,3.6342075660774875,51.32325493126674,50.582303805911785
8,1.1328124999999998,3.768084563504845,53.68214712840827,52.90913667504553
8,1.1367187499999998,3.9081089911915874,56.077719671400565,55.27451213991992
8,1.1406249999999998,4.0545245677643935,58.50799587319175,57.67652626088921
8,1.1445312499999998,4.207573254848994,60.97090193523437,60.1131733252341
8,1.1484374999999998,4.367494468324053,63.464269672247134,62.58234840789878
8,1.1523437499999998,4.534524317923934,65.98583951733153,65.08185022420808
8,1.1562499999999998,4.708894878433212,68.53326380313106,67.60938427061978
8,1.1601562499999998,4.890833494538225,71.10411031385819,70.16256624867516
8,1.1640624999999998,5.080562120316847,73.69586610216142,72.7389257664292
8,1.1679687499999998,5.27829669339025,76.30594156396631,75.33591031077177
8,1.1718749999999998,5.484246542952079,78.93167476359955,77.95088948319632
8,1.1757812499999998,5.698613830243137,81.57033600069975,80.58115949073498
8,1.1796874999999998,5.921593019555994,84.21913260963382,83.22394788296162
8,1.1835937499999998,6.153370377527864,86.87521398137457,85.8764185251694
8,1.1874999999999998,6.394123498300045,89.53567679705948,88.53567679705948
8,1.1914062499999998,6.644020852071018,92.19757046174134,91.19877500553616
8,1.1953124999999998,6.903221354629102,94.97604221158106,93.97792240970801
8,1.1992187499999998,7.171873955598156,98.29540523341585,97.30149522723109
8,1.2031249999999998,7.450117243345968,101.63468406679064,100.64737827255529
8,1.2070312499999998,7.73807906477005,104.99047943450272,104.01215635835285
8,1.2109374999999998,8.035876158471723,108.35931356552713,107.39233007344419
8,1.2148437499999998,8.343613800141505,111.73763634797315,110.78432198788731
8,1.2187499999999998,8.661385459293626,115.12183174391679,114.18448313362197
8,1.2226562499999998,8.989272466794878,118.50822445229848,117.58909974669893
8,1.2265624999999998,9.327343692924625,121.8930868052381,120.99440025625542
8,1.2304687499999998,9.675655235973059,125.27264588231893,124.39656250456527
8,1.2343749999999998,10.03425012162959,128.64309082663667,127.79172118170486
8,1.2382812499999998,10.403158013630284,132.00058034569412,131.17597545763
8,1.2421874999999998,10.782394936321596,135.34125037955604,134.54539679376182
8,1.2460937499999998,11.171963009957167,138.66122191805812,137.8960369155305
8,1.2499999999999998,11.57185019967605,141.9566089482942,141.22393592672654
8,1.2539062499999998,11.982030079215678,145.22352651308907,144.52513054596494
8,1.2578124999999998,12.402461610493045,148.45809886069816,147.7956624450746
8,1.2617187499999998,12.833088940244584,151.65646766556674,151.0315866687916
8,1.2656249999999998,13.273841214951561,156.53039683689616,155.54961155649292
8,1.2695312499999998,13.724632415295028,161.67217899599305,160.7021477427985
8,1.2734374999999998,14.185361211385036,166.83819715853738,165.88125682280517
8,1.2773437499999998,14.65591083999418,172.02335468484364,171.08181061966062
8,1.2812499999999998,15.13614900499811,177.90116879605554,176.916212789253
8,1.2851562499999998,15.625927802186402,185.7417899994914,184.76649956851733
8,1.2890624999999998,16.12508366955802,193.71242361698475,192.74914832191274
8,1.2929687499999998,16.63343736415782,201.807848249599,200.8589087049878
8,1.2968749999999998,17.15079396644509,210.02255955827033,209.09024184260025
8,1.3007812499999998,17.676942913113358,218.35077619256919,217.43732634087863
8,1.3046874999999998,18.211658059203554,226.78644645398603,225.89406504697646
8,1.3085937499999998,18.754697770270393,235.3232556874785,234.45409255012282
8,1.3124999999999998,19.305805045276298,243.95463439292232,243.1107834153481
8,1.3164062499999998,19.864707670797717,252.67376704601753,251.85726113914237
8,1.3203124999999998,20.431118407037026,261.4736016161268,260.6864078141978
8,1.3242187499999998,21.004735206038948,270.3468597664609,269.590874488297
8,1.3281249999999998,21.58524146241466,279.2860477199943,278.56309220034706
8,1.3320312499999998,22.172306296779468,290.16119899143007,289.2871086498033
8,1.3359374999999998,22.765584872011843,302.2150945897551,301.3658924082285
8,1.3398437499999998,23.364718742342742,314.4560959950161,313.6338277760263
8,1.3437499999999998,23.969336235185104,326.87650901288134,326.0831556725901
8,1.3476562499999998,24.579052865514278,339.46825417014134,338.7057269662349
8,1.3515624999999998,25.193471782511505,352.2228756833,351.49301161060214
8,1.3554687499999998,25.81218424808421,365.1315514001779,364.4361087651683
8,1.3593749999999998,26.434770146779794,378.18510370384683,377.52575788874674
8,1.3632812499999998,27.060798526513054,391.3740113655101,390.75235079214
8,1.3671874999999998,27.689828169433046,404.68842233025117,404.1059446333834
8,1.3710937499999998,28.32140819216143,418.1181674168967,417.57627583632194
8,1.3749999999999998,28.955078674543458,431.6527749105952,431.1527749105952
8,1.3789062499999998,29.590371315963246,445.28148602410255,444.82458214847213
8,1.3828124999999998,30.226810118188208,458.9932712011982,458.5805641713938
8,1.3867187499999998,30.863912093623068,472.7768472331432,472.4093312965485
8,1.3906249999999998,31.501187997772412,486.62069515663586,486.2992556913327
8,1.3945312499999998,32.138143084632055,500.51307889933327,500.23849028114836
8,1.3984374999999998,32.774277883654186,514.4420646366951,514.2149883736607
8,1.4023437499999998,33.40908899685937,528.3955408216731,528.2165239603964
8,1.4062499999999998,34.04206991459986,542.3612388466302,542.2307126544101
8,1.4101562499999998,34.67271184841457,556.3267542948223,556.2450332206886
8,1.4140624999999998,35.30050457935493,570.2795687368333,570.2468496540115
8,1.4179687499999998,35.92493732010482,584.207072025513,584.2234337571394
8,1.4218749999999998,36.545499589165445,598.096585041245,598.1619881704752
8,1.4257812499999998,37.161682095328324,611.9353828377642,612.049669802731
8,1.4296874999999998,37.772977630616296,625.7107181372613,625.8736136106559
8,1.4335937499999998,38.37888196983444,639.40984512216,639.620956674519
8,1.4374999999999998,38.97889477483858,653.0200434697306,653.2788625148331
8,1.4414062499999998,39.5725205016009,666.5286425746209,666.8345455947175
8,1.4453124999999998,40.159269308128124,679.9230459034425,680.2752959513637
8,1.4492187499999998,40.73865796126906,693.1907554247517,693.5885038992787
8,1.4531249999999998,41.31021074043501,706.319396057116,706.761684747335
8,1.4570312499999998,41.87346033624767,719.2967400774453,719.7825034711616
8,1.4609374999999998,42.42794874212637,732.110731431428,732.6387992820784
8,1.4648437499999998,42.973228136827856,744.7495098877023,745.3186100335812
8,1.4687499999999998,43.508861755959316,757.201434977352,757.8101964063608
8,1.4726562499999998,44.034424750497074,769.4551096604278,770.1020658129626
8,1.4765624999999998,44.54950503036083,781.4994036614523,782.1829959634752
8,1.4804687499999998,45.05370409111532,793.3234764162939,794.0420580340736
8,1.4843749999999998,45.546637821898436,804.916799573358,805.668639380837
8,1.4882812499999998,46.0279372927065,816.269178992774,817.0524657420026
8,1.4921874999999998,46.49724951920419,827.3707761881321,828.1836228727237
8,1.4960937499999998,46.95423820326741,838.2121291563507,839.0525775574451
8,1.4999999999999998,47.39858444751269,848.7841725424213,849.6501979462057
8,1.5039062499999998,47.82998744211667,859.0782570871049,859.9677731625268
8,1.5078124999999998,48.248165122282174,869.0861683071048,869.997032132026
8,1.5117187499999998,48.652854794765275,878.8001443588397,879.7301615825237
8,1.5156249999999998,49.04381373193791,888.2128930386724,889.1598231681675
8,1.5195312499999998,49.42081973192518,897.317607874307,898.27916967199
8,1.5234374999999998,49.78367164342323,906.1079832640546,907.0818602433319
8,1.5273437499999998,50.13218985387349,914.5782286227721,915.5620746286992
8,1.5312499999999998,50.466216739741014,922.7230814954993,923.7145263568731
8,1.5351562499999998,50.78561707771915,930.5378196021479,931.5344748414572
8,1.5390624999999998,51.090278415758554,938.0182717790354,939.0177363665118
8,1.5429687499999998,51.38011140289597,945.1608277855763,946.1606939234858
8,1.5468749999999998,51.65505007693686,951.9624469470765,952.9603058703151
8,1.5507812499999998,51.91505210912474,958.4206656072768,959.4141133862962
8,1.5546874999999998,52.160099005009926,964.5336033670742,965.5202466991591
8,1.5585937499999998,52.390196260809795,970.2999680887079,971.2774300636515
8,1.5624999999999998,52.60537347463145,975.719059647609,976.6849854738981
8,1.5664062499999998,52.80568441200646,980.790772417091,981.742835094805
8,1.5703124999999998,52.99120702526422,985.515596474073,986.4515024008303
8,1.5742187499999998,53.16204342634647,989.894617517094,990.8121120135415
8,1.5781249999999998,53.318319812739325,993.9295154909655,994.8263882324982
8,1.5820312499999998,53.460186346271556,997.6225619155333,998.4966522571601
8,1.5859374999999998,53.587816984597055,1000.976615919149,1001.8258181006756
16,0.0,0.0,0.0,1.0
16,0.0019531249999999998,8.133454066632115e-08,8.745411359534216e-07,0.999981467914696
16,0.0039062499999999996,1.4677945424904984e-07,1.4009278821447424e-06,0.9999997527957226
16,0.005859374999999999,2.0417940179603105e-07,2.015221470946793e-06,0.9998557219672413
16,0.007812499999999999,2.599320264632374e-07,2.9685753039632168e-06,0.99997153501971
16,0.009765624999999998,3.1556925267384594e-07,3.946244366434537e-06,0.999966571463856
16,0.011718749999999998,3.714141325654197e-07,4.8910924922984655e-06,0.9998661896467501
16,0.013671874999999998,4.292179366149556e-07,5.788555465208178e-06,0.9999999102185683
16,0.015624999999999998,4.922773581601061e-07,6.652628574577157e-06,0.9999999690960881
16,0.017578124999999997,5.644980154200264e-07,7.5075694012105565e-06,1.0000001084268169
16,0.019531249999999997,6.494285924244889e-07,8.401057721235672e-06,0.9998661059773342
16,0.021484374999999997,7.496870795818295e-07,9.357155152767138e-06,0.9999664966170995
16,0.023437499999999997,8.668833632499554e-07,1.0367634001529069e-05,0.9999715813741689
16,0.025390624999999997,1.001891144199601e-06,1.143208223813863e-05,0.9998557952242125
16,0.027343749999999997,1.155208042018997e-06,1.2544607715159195e-05,0.9999997432286424
16,0.029296874999999997,1.3272226806407907e-06,1.3701930588472244e-05,0.9999812449846873
16,0.031249999999999997,1.5183490836006349e-06,1.490368027007305e-05,1.0000001549875568
16,0.03320312499999999,1.729065437229194e-06,1.6151933632857496e-05,0.9999792300946955
16,0.03515624999999999,1.9598982800839628e-06,1.744946168652506e-05,0.9999999092237931
16,0.03710937499999999,2.211373243283084e-06,1.879748152056049e-05,0.999855819554783
16,0.03906249999999999,2.4839423135755264e-06,2.0193575362481564e-05,0.999971591706118
16,0.04101562499999999,2.7778982143457946e-06,2.163022156081995e-05,0.9999672921232979
16,0.04296874999999999,3.093290085351215e-06,2.3094180171878698e-05,0.9998669396625657
16,0.04492187499999999,3.4298552741368332e-06,2.4586411166871436e-05,0.9999998472994794
16,0.04687499999999999,3.786979153056924e-06,2.6082406273331138e-05,1.000000518977434
16,0.04882812499999999,4.163690000503697e-06,2.7551333826369984e-05,1.0000006746930725
16,0.05078124999999999,4.558690443170176e-06,2.8969631572062227e-05,0.9998636740123844
16,0.05273437499999999,4.970421558613983e-06,3.0408588704816664e-05,0.9999638544980786
16,0.05468749999999999,5.397151228269011e-06,3.189234376987926e-05,0.9999735850234032
16,0.05664062499999999,5.837075454235406e-06,3.3291062289220186e-05,0.9998578219703703
16,0.05859374999999999,6.288420531070832e-06,3.468578177395765e-05,0.9999983343807896
16,0.06054687499999999,6.7495350819443545e-06,3.606160051949914e-05,0.9999813708741581
16,0.06249999999999999,7.218963433566335e-06,3.740417209235902e-05,1.000000742762015
16,0.06445312499999999,7.695494863612363e-06,3.873455832825723e-05,0.999979529981787
16,0.06640624999999999,8.178186315468708e-06,4.007574735986896e-05,1.0000007548939824
16,0.06835937499999999,8.666358965099991e-06,4.144961526320046e-05,0.9998563401647411
16,0.07031249999999999,9.159571531112032e-06,4.28743000937537e-05,0.9999722020070678
16,0.07226562499999999,9.657575498329236e-06,4.4362415090704044e-05,0.9999692229073243
16,0.07421874999999999,1.0160259399321233e-05,4.592035637401848e-05,0.999868823557601
16,0.07617187499999999,1.0667590688427106e-05,4.754874934453923e-05,1.0000003898470133
16,0.07812499999999999,1.1179564150447971e-05,4.924387016569387e-05,1.0000011095637922
16,0.08007812499999999,1.1696164877883032e-05,5.099971354682875e-05,1.0000041392009695
16,0.08203124999999999,1.2217351553168167e-05,5.281028380876851e-05,0.999853730437764
16,0.08398437499999999,1.2743062362254497e-05,5.467167552131169e-05,0.9999536344879281
16,0.08593749999999999,1.327324192307506e-05,5.658357860371943e-05,0.9999769964666559
16,0.08789062499999999,1.3807883877092324e-05,5.855292044854021e-05,0.9998610851991405
16,0.08984374999999999,1.434708094855548e-05,6.094066008588417e-05,0.9999987452253503
16,0.09179687499999999,1.4891072814391544e-05,6.340117635095233e-05,0.9999821919327826
16,0.09374999999999999,1.5440282240902522e-05,6.593499837537209e-05,1.000006855553441
16,0.09570312499999999,1.5995331551640917e-05,6.854198675088075e-05,0.9999795633193755
16,0.09765624999999999,1.6557034294275997e-05,7.122137534087969e-05,1.0000022808166993
16,0.09960937499999999,1.712636054455911e-05,7.397189278979255e-05,0.9998571755448785
16,0.10156249999999999,1.7704378124981533e-05,7.679193833054487e-05,0.9999730225212865
16,0.10351562499999999,1.8292175615268703e-05,7.967978066225623e-05,0.9999721285624201
16,0.10546874999999999,1.889077589322267e-05,8.263374869632578e-05,0.9998718432498356
16,0.10742187499999999,1.9501050634965647e-05,8.607350888045762e-05,1.0000039971663013
16,0.10937499999999999,2.0123646418162725e-05,8.97299753812586e-05,1.0000035378941865
16,0.11132812499999999,2.075893170612638e-05,9.349547480708154e-05,1.000012793812453
16,0.11328124999999999,2.1406971207207113e-05,9.73717387845463e-05,0.999831860922057
16,0.11523437499999999,2.2067530331151024e-05,0.00010136084837730763,0.9999311780418318
16,0.11718749999999999,2.2740108330280777e-05,0.00010546515600196038,0.9999837307974095
16,0.11914062499999999,2.342399492392383e-05,0.0001096871933040644,0.9998681428332099
16,0.12109374999999999,2.411834237244091e-05,0.00011402958028616794,1.0000202777131162
16,0.12304687499999999,2.4822243504510247e-05,0.0001186208029868574,0.9999848172609348
16,0.12499999999999999,2.5534806234822708e-05,0.00012354868941855113,1.0000274076776807
16,0.12695312499999997,2.6255216506564584e-05,0.00012864932236633653,0.9999798347997948
16,0.12890624999999997,2.6982784019216475e-05,0.0001339315720693124,1.000005122773263
16,0.13085937499999997,2.771696811967092e-05,0.00013940402625456372,0.9998609781969681
16,0.13281249999999997,2.8457384380427734e-05,0.00014507482336878486,0.9999770324943962
16,0.13476562499999997,2.920379524125534e-05,0.00015095165134804134,0.9999764513312064
16,0.13671874999999997,2.995609029428345e-05,0.000157041880237907,0.9998761597690432
16,0.13867187499999997,3.0714263084342774e-05,0.0001633527769623333,1.000014670835373
16,0.14062499999999997,3.147839152120232e-05,0.00016989174175363608,1.0000130608126665
16,0.14257812499999997,3.2248628131481846e-05,0.0001766665083239305,1.0000314383321427
16,0.14453124999999997,3.302520454200212e-05,0.00018368526208956126,0.9998632928607388
16,0.14648437499999997,3.3808452057851444e-05,0.00019095664943213908,0.9999636351830969
16,0.14843749999999997,3.459883737507291e-05,0.00019972979962423754,1.000000514720069
16,0.15039062499999997,3.53970098100606e-05,0.00020912110646975623,0.9998859449128357
16,0.15234374999999997,3.6203854367139324e-05,0.0002189306213279396,1.0000492418024125
16,0.15429687499999997,3.702054383530194e-05,0.00022917669404565189,0.9999923834808426
16,0.15624999999999997,3.784858306483786e-05,0.00023987751246301592,1.0000795732753185
16,0.15820312499999997,3.8689839602993604e-05,0.00025105085011756234,1.0000068080380857
16,0.16015624999999997,3.9546556773247736e-05,0.0002627138887308922,1.0000094787566247
16,0.16210937499999997,4.042134775098193e-05,0.00027488312997747677,0.9998728688718045
16,0.16406249999999997,4.131717184409986e-05,0.00028757439654236716,0.9999893393235323
16,0.16601562499999997,4.2237296648834893e-05,0.0003008029095182829,0.9999821685208914
16,0.16796874999999997,4.318525167578591e-05,0.00031458341966739134,0.9998820462748753
16,0.16992187499999997,4.416478016750598e-05,0.00032893036506420614,1.000038811227788
16,0.17187499999999997,4.51797960006142e-05,0.0003438580273897873,1.000035338982301
16,0.17382812499999997,4.623435175951289e-05,0.0003593806630851626,1.0000722473671924
16,0.17578124999999997,4.733262240804753e-05,0.0003755125925752889,0.999809438621489
16,0.17773437499999997,4.847890673019442e-05,0.0003922682392881738,0.9999228066094251
16,0.17968749999999997,4.967764622473938e-05,0.0004096621186964189,1.0000342117517822
16,0.18164062499999997,5.093345883200728e-05,0.00042849202293382405,0.9999277233663871
16,0.18359374999999997,5.2251183114490786e-05,0.0004512386031226834,1.000093073379906
16,0.18554687499999997,5.363592757695946e-05,0.0004749711486353725,1.0000083468587588
16,0.18749999999999997,5.5093119799595065e-05,0.000499720257691072,1.0002746268041363
16,0.18945312499999997,5.662855090437959e-05,0.0005255167996031096,1.000179612390178
16,0.19140624999999997,5.824841236491804e-05,0.0005523918832643915,1.0000290947501782
16,0.19335937499999997,5.995932399158643e-05,0.0005803768151700917,0.9999158729616324
16,0.19531249999999997,6.176835373986471e-05,0.000609503045445825,1.0000349483045865
16,0.19726562499999997,6.368303149445657e-05,0.0006398021017096633,0.9999919163039765
16,0.19921874999999997,6.571135995074982e-05,0.0006713055117798516,0.9998920478876061
16,0.20117187499999997,6.786182603061004e-05,0.0007040447170720832,1.0001043409351265
16,0.20312499999999997,7.014341592800015e-05,0.0007380509789076672,1.000082739094862
16,0.20507812499999997,7.256563598461769e-05,0.0007733552798852017,1.000161025253057
16,0.20703124999999997,7.513854033864777e-05,0.0008099882219783083,0.9998568013154305
16,0.20898437499999997,7.78727649176329e-05,0.0008479799222838036,0.999931522092534
16,0.21093749999999997,8.077956612203028e-05,0.0008873599064599391,1.0001103678033945
16,0.21289062499999997,8.387086170180371e-05,0.0009281569990469141,1.0000268040428446
16,0.21484374999999997,8.71592710185623e-05,0.0009748465838506082,1.000195250891011
16,0.21679687499999997,9.065815216220562e-05,0.0010258159693912194,1.0004125162588706
16,0.21874999999999997,9.438163418474458e-05,0.001078979615777298,1.0007416089755903
16,0.22070312499999997,9.834464385991478e-05,0.0011344076085330057,1.0006360001891939
16,0.22265624999999997,0.00010256292764744071,0.0011921709879133546,1.000215641427765
16,0.22460937499999997,0.00010705307069690407,0.0012523416765229944,1.000042775983789
16,0.22656249999999997,0.00011183251556927404,0.0013149923956186083,1.0001668519371782
16,0.22851562499999997,0.00011691958375909779,0.0013801965697233243,1.0000074586899705
16,0.23046874999999997,0.00012233350303308995,0.0014480282199609285,0.9999438650644372
16,0.23242187499999997,0.00012809444311413025,0.0015323839596632638,1.0002636947739385
16,0.23437499999999997,0.00013422356145203476,0.0016229660336780638,1.0002237715018492
16,0.23632812499999997,0.00014074305989096995,0.0017179723893349097,1.000355035746337
16,0.23828124999999997,0.00014767625213325222,0.0018175597891578743,1.0000585822657793
16,0.24023437499999997,0.0001550476411554836,0.0019218866998947925,0.9999926058050099
16,0.24218749999999997,0.00016288300526027744,0.002031112982537442,1.0003030489906566
16,0.24414062499999997,0.00017120949129494713,0.0021453995609905796,1.0002050470687962
16,0.24609374999999997,0.00018005571372770442,0.002268950529053848,1.0006412576389216
16,0.24804687499999997,0.00018945185867842826,0.0024105706574576446,1.0016331980519657
16,0.24999999999999997,0.00019942979255119038,0.0025596705272764586,1.0020256621555947
16,0.25195312499999994,0.0002100231754885958,0.0027165635315663517,1.0018184531027101
16,0.25390624999999994,0.00022126758034987664,0.002881571473587363,1.0014445560158107
16,0.25585937499999994,0.0002332006182206322,0.003055024518145988,1.0004905103881536
16,0.25781249999999994,0.0002458620715534307,0.0032372611074857893,1.0005409782237173
16,0.25976562499999994,0.0002592940359196649,0.003428627836172371,1.0002241035819217
16,0.26171874999999994,0.00027354107107594453,0.0036294792808468923,1.0002977337712133
16,0.26367187499999994,0.0002886503616861802,0.0038401777821872596,1.0006370440885828
16,0.26562499999999994,0.0003046718876807071,0.004061093177765596,1.0005664811721322
16,0.26757812499999994,0.0003216586039537279,0.004292602485365116,1.0008992633529321
16,0.26953124999999994,0.0003396666289596082,0.004535089535778969,1.0006310958497229
16,0.27148437499999994,0.0003587554417986168,0.004788944556994079,1.0003247367942898
16,0.27343749999999994,0.0003789880875846608,0.005054563706454518,1.0007339295958835
16,0.27539062499999994,0.0004004313912353812,0.005332348550661337,1.001948966246349
16,0.27734374999999994,0.00042315618026831877,0.005622705488680713,1.0036710760621004
16,0.27929687499999994,0.0004472375176613213,0.0059260451151623705,1.0047986937899667
16,0.28124999999999994,0.0004727549462719271,0.006242781517410312,1.0053313243732853
16,0.28320312499999994,0.000499792746645886,0.006573331500258295,1.005268820323868
16,0.28515624999999994,0.0005284402102343833,0.006918113732034659,1.004724795567797
16,0.28710937499999994,0.0005587919300612554,0.007277547804769635,1.0039224115723822
16,0.28906249999999994,0.0005909481107432414,0.007652053201919751,1.0025273116929687
16,0.29101562499999994,0.0006250148995018314,0.008066011531621453,1.0010965426232623
16,0.29296874999999994,0.0006611047394684905,0.008531274867534244,1.0013192495576952
16,0.29492187499999994,0.0006993367462401222,0.00901919697309772,1.0017052951161587
16,0.29687499999999994,0.000739837108352634,0.009530647797693748,1.001838910115707
16,0.29882812499999994,0.0007827395121600577,0.010132769889799276,1.0022376085697973
16,0.30078124999999994,0.0008281855915698474,0.010769233715949289,1.002044573767126
16,0.30273437499999994,0.0008763254032039651,0.01143954633586286,1.0030504438383958
16,0.30468749999999994,0.0009273179278188791,0.012145128220169221,1.006331512196163
16,0.30664062499999994,0.0009813315991942274,0.012887435945154069,1.0090375089414971
16,0.30859374999999994,0.0010385448621420025,0.01366796128329284,1.0111677440074718
16,0.31054687499999994,0.001099146761740063,0.014488230151257664,1.0127218676746212
16,0.31249999999999994,0.0011633375663001979,0.015349801403328311,1.0136998670949902
16,0.31445312499999994,0.0012313294268939121,0.01625426543743902,1.0141020623023003
16,0.31640624999999994,0.0013033470764475252,0.017203242584414746,1.0139291016763334
16,0.31835937499999994,0.0013796285714706125,0.018198381242414574,1.0131819568267384
16,0.32031249999999994,0.0014604260794097248,0.019241355718874642,1.0118619168613698
16,0.32226562499999994,0.0015460067144549361,0.02033386374465518,1.009970582006536
16,0.32421874999999994,0.0016366534244172763,0.02147762362965877,1.007825332325765
16,0.32617187499999994,0.0017326659310960351,0.02270428798704971,1.0052112460597722
16,0.32812499999999994,0.0018343617264208205,0.024137999105300456,1.0054201598130126
16,0.33007812499999994,0.0019420771266299458,0.025649731023050015,1.010511477989555
16,0.33203124999999994,0.002056168386863897,0.027242959224791474,1.0157765860210077
16,0.33398437499999994,0.0021770128788214014,0.028921266829943115,1.0205058758190355
16,0.33593749999999994,0.0023050103345351037,0.030688344715897653,1.0246991171673512
16,0.33789062499999994,0.0024405841598457664,0.03254799134033959,1.028356428997043
16,0.33984374999999994,0.002584182821744597,0.0345041122360521,1.0314782740138055
16,0.34179687499999994,0.002736281314361728,0.036560719148621024,1.034065452577057
16,0.34374999999999994,0.0028973827089537317,0.03872192878441105,1.0361190957930757
16,0.34570312499999994,0.00306801979373944,0.04099196113313652,1.037640657778481
16,0.34765624999999994,0.003248756809821073,0.04337513732667175,1.0386319070457861
16,0.34960937499999994,0.003440191289693592,0.04587587699548834,1.0390949169595813
16,0.35156249999999994,0.003642956004997567,0.04849869506225357,1.0390320552101857
16,0.35351562499999994,0.003857721030235651,0.051248197961953346,1.0384459722511803
16,0.35546874999999994,0.004085195929192227,0.054129079204970676,1.0373395886476957
16,0.35742187499999994,0.00432613207082045,0.05714611425114158,1.0357160812832413
16,0.35937499999999994,0.004581325081442766,0.060304154639365004,1.0402503309350184
16,0.36132812499999994,0.004851617440296851,0.0636081213185945,1.0479535391108423
16,0.36328124999999994,0.005137901225782004,0.06706299712343822,1.0552073352707094
16,0.36523437499999994,0.005441121020238667,0.07067381833456887,1.0620140610090674
16,0.36718749999999994,0.005762276981723584,0.0744456652607477,1.0683764528617736
16,0.36914062499999994,0.0061024280920047354,0.07838365177545648,1.0742976336194194
16,0.37109374999999994,0.006462695590858192,0.0830544162706558,1.0797811023940613
16,0.37304687499999994,0.00684426660765847,0.08835331797922075,1.084830723369266
16,0.37499999999999994,0.007248398002167172,0.09399031899045518,1.0894507131585038
16,0.37695312499999994,0.007676420427298638,0.09993930453025457,1.0941026269413798
16,0.37890624999999994,0.008129742627443272,0.10621445451528266,1.098440415025581
16,0.38085937499999994,0.008609855986643869,0.11283039331923872,1.102413103182756
16,0.38281249999999994,0.009118339341548947,0.11980218933108355,1.1060285559069836
16,0.38476562499999994,0.009656864074632513,0.1271453530055453,1.1092949186366021
16,0.38671874999999994,0.01022719950370616,0.134875833240921,1.1122205852991318
16,0.38867187499999994,0.010831218584308144,0.14301001192736373,1.118712141965892
16,0.39062499999999994,0.01147090394218251,0.15156469645225934,1.1323499768554897
16,0.39257812499999994,0.012148354253812133,0.1605571100613974,1.1458347524503385
16,0.39453124999999994,0.01286579099387805,0.1700048798643341,1.159181389829115
16,0.39648437499999994,0.013625565569610367,0.17992602229237475,1.1724055568910847
16,0.39843749999999994,0.014430166863277359,0.19033892583880252,1.1855236525109993
16,0.40039062499999994,0.015282229205518128,0.20126233087266732,1.1985527875513575
16,0.40234374999999994,0.01618454080383232,0.21271530630701396,1.2115107625121864
16,0.40429687499999994,0.01714005265225747,0.22471722288382756,1.2244160415800318
16,0.40624999999999994,0.018151887950047893,0.23768487553613293,1.2372877228177754
16,0.40820312499999994,0.019223352058974956,0.2525785537931102,1.250145504216126
16,0.41015624999999994,0.02035794303066433,0.26841888593889096,1.2630096453069934
16,0.41210937499999994,0.021559362737150554,0.2851852166959765,1.2759009240190828
16,0.41406249999999994,0.022831528639564763,0.3028631603540062,1.2888405884372978
16,0.41601562499999994,0.024178586231589118,0.32149376421665443,1.3018503031099742
16,0.41796874999999994,0.02560492219605045,0.3411193811825971,1.3149520895313822
16,0.41992187499999994,0.02711517831482997,0.36178367283952484,1.3360475189073249
16,0.42187499999999994,0.028714266174185776,0.3835316088318248,1.362532098203278
16,0.42382812499999994,0.030407382709680606,0.406409462127585,1.3895226649971337
16,0.42578124999999994,0.03220002663721505,0.4304647997864145,1.4170619271791314
16,0.42773437499999994,0.034098015819227286,0.45574646880394887,1.445194138680387
16,0.42968749999999994,0.03610750561794733,0.48230457660456083,1.4739650807159246
16,0.43164062499999994,0.03823500829068502,0.5101904656188518,1.503422037271274
16,0.43359374999999994,0.04048741348547157,0.5394566815130186,1.5336137642833136
16,0.43554687499999994,0.04287200989893272,0.5701569345888853,1.5645904522629963
16,0.43749999999999994,0.045396508162009595,0.6023460536111291,1.5964036815189628
16,0.43945312499999994,0.048069065023026096,0.6360799315612558,1.6291063695716148
16,0.44140624999999994,0.05089830890159635,0.6714154626422226,1.6627527101146264
16,0.44335937499999994,0.05389336689095507,0.708410469845161,1.697398102879167
16,0.44531249999999994,0.05706389329047673,0.747123622349656,1.7330990737197889
16,0.44726562499999994,0.06042009975444316,0.7876143419876531,1.769913184204034
16,0.44921874999999994,0.06397278714755861,0.8348733397674868,1.8078989299501271
16,0.45117187499999994,0.06773337920234612,0.88870325726907,1.8644053873075983
16,0.45312499999999994,0.07171395807844975,0.9455814773442154,1.9263667577474457
16,0.45507812499999994,0.07592730192907256,1.005652911282591,1.990930553671532
16,0.45703124999999994,0.08038692458535894,1.0690675248313426,2.0582440347961235
16,0.45898437499999994,0.08510711747553085,1.1359803813559473,2.1284599159546573
16,0.46093749999999994,0.09010299390203855,1.2065516727304986,2.2017363994026953
16,0.46289062499999994,0.09539053580690575,1.280946736596526,2.278237193275216
16,0.46484374999999994,0.1009866431628356,1.3593360585303256,2.358131514735498
16,0.46679687499999994,0.10690918613547805,1.4418952575515127,2.441594076247717
16,0.46874999999999994,0.11317706017052126,1.5288050533192132,2.5288050533192132
16,0.47070312499999994,0.11981024416793506,1.6202512132478213,2.6199500319440254
16,0.47265624999999994,0.12682986191472997,1.716424477028269,2.7152199332334415
16,0.47460937499999994,0.13425824695701083,1.8175204579004518,2.8148109145791422
16,0.47656249999999994,0.14211901110188493,1.9237395169659341,2.918924243638131
16,0.47851562499999994,0.15043711674996885,2.035286608978339,3.027766143577049
16,0.48046874999999994,0.15923895326986773,2.152371096967312,3.141547606932093
16,0.48242187499999994,0.16855241763712636,2.275206533059503,3.2604841754484446
16,0.48437499999999994,0.1784069995718661,2.4040104027045555,3.384795683107786
16,0.48632812499999994,0.18883387142167812,2.5494320346782207,3.5337137348136665
16,0.48828124999999994,0.19986598304944303,2.7114292246491756,3.698053304377318
16,0.49023437499999994,0.2115381619996405,2.882480157063761,3.87066813140565
16,0.49218749999999994,0.22388721923147853,3.0630120127236315,4.0519695936943245
16,0.49414062499999994,0.23695206072282302,3.2534670288737413,4.242383755211615
16,0.49609374999999994,0.25077380526550663,3.454302669160021,4.442351517059554
16,0.49804687499999994,0.2653959087901216,3.6659917627351786,4.652328738375865
16,0.49999999999999994,0.2808642955768686,3.8890226088815534,4.872786323739426
16,0.5019531249999999,0.29722749672845844,4.1238990432567215,5.1042102733926455
16,0.5039062499999999,0.31453679630141457,4.371140461590055,5.347101692331897
16,0.5058593749999999,0.33284638551343537,4.63128179636626,5.601976754041954
16,0.5078124999999999,0.3522135254667918,4.904873441724663,5.8693666143621765
16,0.5097656249999999,0.3726987188510603,5.192481121480318,6.149817270670624
16,0.5117187499999999,0.3943658911129424,5.494685695451225,6.443889361708706
16,0.5136718749999999,0.41728258160656273,5.812082895303097,6.752157900530176
16,0.5156249999999999,0.4415201452645695,6.145282989575222,7.075211938346046
16,0.5175781249999999,0.46715396535873327,6.494910365723203,7.413654150338973
16,0.5195312499999999,0.49426367794861303,6.861603024886612,7.768100337531383
16,0.5214843749999999,0.5229334086484206,7.246011981529202,8.139178838074757
16,0.5234374999999999,0.553252022375496,7.648800560109227,8.527529840470574
16,0.5253906249999999,0.5853133867789696,8.070643580490975,9.006633891905244
16,0.5273437499999999,0.6192166500842566,8.531172694205605,9.529968150410777
16,0.5292968749999999,0.6550665341281047,9.08310903205523,10.082807850751434
16,0.5312499999999999,0.6929736434000459,9.666633207994686,10.666633207994686
16,0.5332031249999999,0.733054790949324,10.283281696321069,11.282980515017274
16,0.5351562499999999,0.7754333420617723,10.93464754824942,11.933443004454592
16,0.5371093749999999,0.8202395766587257,11.622381156208252,12.619671612886943
16,0.5390624999999999,0.8676110714199976,12.348190907675221,13.343375634347417
16,0.5410156249999999,0.9176931026852908,13.113843714650443,14.106323249249153
16,0.5429687499999999,0.9706390712433406,13.921165403825473,14.910341913790255
16,0.5449218749999999,1.0266109501756715,14.772040951411695,15.757318593800637
16,0.5468749999999999,1.085779756982354,15.668414545440738,16.64919982584397
16,0.5488281249999999,1.1483260512807196,16.612289457138864,17.58799158717739
16,0.5507812499999999,1.2144404594347882,17.605727703500982,18.575758956695527
16,0.5527343749999999,1.2843242275435143,18.6508494719248,19.61462553772024
16,0.5546874999999999,1.358189804289908,19.74983229845931,20.70677263419152
16,0.5566406249999999,1.4362614552309392,20.90490996526658,21.854438145859618
16,0.5585937499999999,1.5187759101900251,22.118371093895075,23.059915159078095
16,0.5605468749999999,1.6059830455000337,23.392557408725764,24.325550207560504
16,0.5624999999999999,1.6981466029351766,24.729861641232194,25.65374117374348
16,0.5644531249999999,1.7955449472652685,26.133162125136305,27.114051281015197
16,0.5664062499999999,1.8984718644655358,27.806895874460253,28.77359107761339
16,0.5683593749999999,2.0072374027198276,29.575520908678776,30.525865843040776
16,0.5703124999999999,2.122168758464852,31.4436307062366,32.37535028087566
16,0.5722656249999999,2.2436112098381225,33.41598971306665,34.32668387304328
16,0.5742187499999999,2.3719291000130087,35.49753606216096,36.384673399412705
16,0.5761718749999999,2.5075068730308194,37.69338401546514,38.55429518632879
16,0.5781249999999999,2.650750164872639,40.00882609110394,40.84069704871226
16,0.5800781249999999,2.802086952652934,42.44933483613942,43.249199887707235
16,0.5820312499999999,2.9619687649631787,45.02056420210033,45.785298903054375
16,0.5839843749999999,3.1308719565472787,47.728350477396965,48.45466437641491
16,0.5859374999999999,3.3092990506516897,50.57871272744274,51.26314197875947
16,0.5878906249999999,3.49778015256251,53.577852689837684,54.216752551660235
16,0.5898437499999999,3.69687443801931,56.73215406832273,57.3216913088811
16,0.5917968749999999,3.9071717203821463,60.04818116968901,60.584326403520805
16,0.5937499999999999,4.1292941006237545,63.53267680187451,64.01119679250732
16,0.5957031249999999,4.363897704424302,67.19255938928978,67.60900933296828
16,0.5976562499999999,4.611674510861242,71.03491922519873,71.38463506549473
16,0.5996093749999999,4.873354277412596,75.06701377122032,75.3451045756782
16,0.6015624999999999,5.149706566228393,79.29626193368317,79.4976023763794
16,0.6035156249999999,5.441542876872893,83.73023722645817,83.84946022342255
16,0.6054687499999999,5.749718891000022,88.37665972773819,89.17483658703371
16,0.6074218749999999,6.075136834696402,93.91029371682147,94.89557135921041
16,0.6093749999999999,6.418747964511789,99.96535696690633,100.94614224730955
16,0.6113281249999999,6.781555183495409,106.36721045420316,107.34291258424169
16,0.6132812499999999,7.164615793870065,113.13284262890527,114.10287388209981
16,0.6152343749999999,7.569044393304246,120.27988065244446,121.2436567182399
16,0.6171874999999999,7.996015922086659,127.82660030050997,128.78354063624218
16,0.6191406249999999,8.446768868868386,135.79193474292026,136.7414629235133
16,0.6210937499999999,8.922608643016076,144.1954820513653,145.13702611654833
16,0.6230468749999999,9.424911122015947,153.05751127468537,153.9905040735201
16,0.6249999999999999,9.955126382783552,162.39896690937067,163.32284644188195
16,0.6269531249999999,10.514782626169474,172.24147158033125,173.15568133603477
16,0.6289062499999999,11.105490304406752,182.6073267336761,183.51131602679953
16,0.6308593749999999,11.728946461723046,193.51951114050073,194.41273544169624
16,0.6328124999999999,12.386939298840465,205.00167694794249,205.88359821229085
16,0.6347656249999999,13.081352972608741,217.07814305317768,217.9482300442864
16,0.6367187499999999,13.8141726425657,229.77388561176764,230.6316142217679
16,0.6386718749999999,14.58748977679165,243.11452528445028,243.9593788497
16,0.6406249999999999,15.403507730025026,257.12631100305134,257.9577806153539
16,0.6425781249999999,16.264547607634455,271.83609992701753,272.6536847401691
16,0.6445312499999999,17.17305442970024,287.2713332591708,288.07454079065144
16,0.6464843749999999,18.131603610146698,303.46000756903817,304.2483539966648
16,0.6484374999999999,19.142907766587317,320.4306412510194,321.20365170438214
16,0.6503906249999999,20.20982387729924,338.21223572270105,338.96944456920755
16,0.6523437499999999,21.335360802533046,356.8342309458108,357.5751820711658
16,0.6542968749999999,22.52268718819064,376.3264548286156,377.0507019115671
16,0.6562499999999999,23.775139770768405,396.71906604400823,397.4261728251948
16,0.6582031249999999,25.09623210336868,418.8367214175487,419.75093117325224
16,0.6601562499999999,26.489663723529127,445.3798097356774,446.28379902880084
16,0.6621093749999999,27.95932978461052,473.41355947587465,474.30678377707017
16,0.6640624999999999,29.509331173520135,503.00862411839404,503.8905453827424
16,0.6660156249999999,31.143985138632008,534.2380892893129,535.1081762804216
16,0.6679687499999999,32.86783645289916,567.1774857695918,568.0352143795922
16,0.6699218749999999,34.685669138339364,601.9047954455405,602.7496490107902
16,0.6718749999999999,36.602518779315524,638.5004492696579,639.3319188819604
16,0.6738281249999999,38.62368545333052,677.0473164806268,677.8649012937784
16,0.6757812499999999,40.75474730941129,717.630684432871,718.4338919643517
16,0.6777343749999999,43.001574825577414,760.338227633851,761.1265740614776
16,0.6796874999999999,45.37034577837263,805.2599652460517,806.0329756994145
16,0.6816406249999999,47.867560958989515,852.4882059039352,853.2454147504417
16,0.6835937499999999,50.50006067214151,902.1174786884674,902.8584298138223
16,0.6855468749999999,53.275042055532396,954.2444490288284,954.9686961117799
16,0.6874999999999999,56.20007725954959,1008.9678182247433,1009.6749250059298
32,0.0,0.0,0.0,1.0
32,0.0009765624999999999,4.111111450366668e-09,1.8369792231798243e-07,0.9999953875489404
32,0.0019531249999999998,6.453571310839279e-09,2.5167598449726825e-07,0.9999999344281711
32,0.0029296874999999996,8.243654123952586e-09,2.899925938271153e-07,0.999963920419699
32,0.0039062499999999996,9.890672574215755e-09,3.1086029239624224e-07,0.9999928692061774
32,0.004882812499999999,1.150254878024764e-08,3.2171978781025956e-07,0.9999916340335775
32,0.005859374999999999,1.3111189443691938e-08,3.2639553826374623e-07,0.9999665348610507
32,0.006835937499999999,1.4780092836443304e-08,3.2741102351518947e-07,0.9999999840511528
32,0.007812499999999999,1.6619431026836168e-08,3.279027442903981e-07,0.9999999998522098
32,0.008789062499999998,1.8760423806467285e-08,3.2818431450198915e-07,1.0000000198705212
32,0.009765624999999998,2.1323969359455676e-08,3.2840938379852247e-07,0.9999665334216722
32,0.010742187499999998,2.4400191587489987e-08,3.288818435365215e-07,0.9999916329111747
32,0.011718749999999998,2.804451394572252e-08,3.296087246473789e-07,0.9999928715125144
32,0.012695312499999998,3.228623866806752e-08,3.581344870107195e-07,0.999963921038076
32,0.013671874999999998,3.714082110530547e-08,3.9314250663280426e-07,0.9999999342943332
32,0.014648437499999998,4.261938853728471e-08,4.2970150659904505e-07,0.9999953164928109
32,0.015624999999999998,4.8733857184080935e-08,4.678101112598476e-07,1.0000000492698695
32,0.016601562499999997,5.549869901822908e-08,5.075402450815947e-07,0.9999953043442147
32,0.017578124999999997,6.293066571236127e-08,5.489904257305334e-07,0.9999999369126218
32,0.018554687499999997,7.104721309159906e-08,5.922232349797607e-07,0.9999639224166654
32,0.019531249999999997,7.986404259599746e-08,6.372044332736415e-07,0.9999928731190011
32,0.020507812499999997,8.939218204424517e-08,6.837556476568807e-07,0.999991645601179
32,0.021484374999999997,9.963510785511803e-08,7.315280997621798e-07,0.9999665469683626
32,0.022460937499999997,1.105864019716405e-07,7.805673435945515e-07,0.9999999833858514
32,0.023437499999999997,1.2222832876012213e-07,8.304459595542824e-07,1.0000000086995358
32,0.024414062499999997,1.3453155327424669e-07,8.80029350169842e-07,1.0000000227316732
32,0.025390624999999997,1.4745604078332332e-07,9.285790329438548e-07,0.9999664881054775
32,0.026367187499999997,1.60953005970544e-07,9.761004741981605e-07,0.9999915837151597
32,0.027343749999999997,1.749676451264091e-07,1.022485406454443e-06,0.9999929020025048
32,0.028320312499999997,1.8944230602535027e-07,1.0663925872900215e-06,0.9999639511660481
32,0.029296874999999997,2.0431973316445126e-07,1.110866443720937e-06,0.9999999084608923
32,0.030273437499999997,2.1954606010037248e-07,1.154534605751767e-06,0.9999953167853929
32,0.031249999999999997,2.35073285608071e-07,1.197453298490414e-06,1.0000000119549834
32,0.03222656249999999,2.508610482653533e-07,1.240318934808693e-06,0.9999950925217095
32,0.03320312499999999,2.668775923446147e-07,1.283873821006365e-06,0.9999999503363253
32,0.03417968749999999,2.8309989630695456e-07,1.3288103848096977e-06,0.9999639299443103
32,0.03515624999999999,2.9951301310811103e-07,1.3756913396223425e-06,0.9999928821242139
32,0.03613281249999999,3.1610875326172277e-07,1.4248987592335727e-06,0.9999916775325762
32,0.03710937499999999,3.328839193649912e-07,1.4766192524828803e-06,0.9999665778560475
32,0.03808593749999999,3.498383641690195e-07,1.5308655220702683e-06,0.9999999915854438
32,0.03906249999999999,3.6697317662509755e-07,1.5875279704702372e-06,1.0000000183112088
32,0.04003906249999999,3.8428928768321684e-07,1.6464448943653842e-06,1.0000000820573085
32,0.04101562499999999,4.0178672461540605e-07,1.7074771464509197e-06,0.9999663160863961
32,0.04199218749999999,4.194646362147009e-07,1.7705732346384728e-06,0.9999914076515509
32,0.04296874999999999,4.3732207804627814e-07,1.8358135139284748e-06,0.9999929589092834
32,0.04394531249999999,4.5535941278315015e-07,1.9034266961481805e-06,0.9999640055156889
32,0.04492187499999999,4.7358006947484584e-07,1.973777379316033e-06,0.9999998188270399
32,0.04589843749999999,4.919923368161524e-07,2.0473285968214405e-06,0.9999953291762802
32,0.04687499999999999,5.106108491576256e-07,2.12458755244338e-06,1.0000001178728917
32,0.04785156249999999,5.294574601304005e-07,2.213720405597197e-06,0.9999949995527982
32,0.04882812499999999,5.485612805833494e-07,2.3066772528168578e-06,0.9999999776754119
32,0.04980468749999999,5.679577727318291e-07,2.4034787914906097e-06,0.9999639442911602
32,0.05078124999999999,5.876869244122312e-07,2.5062816136067756e-06,0.9999928961327533
32,0.05175781249999999,6.077906615048276e-07,2.612779061800241e-06,0.9999917309950662
32,0.05273437499999999,6.283097727079488e-07,2.72302978687744e-06,0.9999666331573881
32,0.05371093749999999,6.492807034521275e-07,2.8371040581287588e-06,1.0000000499797317
32,0.05468749999999999,6.707326094519607e-07,2.955087610501117e-06,1.0000000511287255
32,0.05566406249999999,6.926850370631768e-07,3.0770835944826658e-06,1.0000002373388024
32,0.05664062499999999,7.15146517549949e-07,3.203212697922009e-06,0.9999659220137782
32,0.05761718749999999,7.38114237896773e-07,3.3358236859459822e-06,0.9999910035424039
32,0.05859374999999999,7.615748003250162e-07,3.4734819834292274e-06,0.9999930737827236
32,0.05957031249999999,7.855059342517627e-07,3.6224628292558236e-06,0.9999641256115503
32,0.06054687499999999,8.098789011154696e-07,3.7775145383389663e-06,0.9999996152357237
32,0.06152343749999999,8.346612539662768e-07,3.938845401618707e-06,0.9999953729854854
32,0.06249999999999999,8.598195897065086e-07,4.10684897700353e-06,1.0000004610105904
32,0.06347656249999999,8.853219610708716e-07,4.281941739125994e-06,0.9999950021244864
32,0.06445312499999999,9.111396901976775e-07,4.464550364069453e-06,1.0000000391771457
32,0.06542968749999999,9.37248431496086e-07,4.655103830686347e-06,0.9999640053105465
32,0.06640624999999999,9.63628451675715e-07,4.8540310173539325e-06,0.9999929607472426
32,0.06738281249999999,9.902642142317682e-07,5.06176343439968e-06,0.9999918256123099
32,0.06835937499999999,1.0171434575809036e-06,5.278741859349179e-06,0.9999667278596792
32,0.06933593749999999,1.0442560279774107e-06,5.505425101304251e-06,1.0000002365193263
32,0.07031249999999999,1.0715927610615716e-06,5.742298941124879e-06,1.0000002146859086
32,0.07128906249999999,1.0991446935350923e-06,5.98988347488838e-06,1.0000005848826747
32,0.07226562499999999,1.1269028301878764e-06,6.248737555891726e-06,0.9999650888723285
32,0.07324218749999999,1.154858600171582e-06,6.519459665677019e-06,0.9999901505441362
32,0.07421874999999999,1.1830050217033853e-06,6.808944350067403e-06,0.9999933763500648
32,0.07519531249999999,1.211338476903566e-06,7.11851857171375e-06,0.9999644337394296
32,0.07617187499999999,1.239860894911026e-06,7.443115143723755e-06,0.9999991770571272
32,0.07714843749999999,1.2685820694749103e-06,7.783529383242893e-06,0.9999955095699378
32,0.07812499999999999,1.2975218068629262e-06,8.140572564707682e-06,1.0000013931504794
32,0.07910156249999999,1.3267116149987204e-06,8.51506570370697e-06,0.9999955863121489
32,0.08007812499999999,1.3561957021978003e-06,8.907835807925313e-06,1.0000001241365732
32,0.08105468749999999,1.3860311447624565e-06,9.319715021161024e-06,0.9999642111535882
32,0.08203124999999999,1.4162871933198461e-06,9.751542605629382e-06,0.9999931734004005
32,0.08300781249999999,1.4470438041187544e-06,1.0204169326566426e-05,0.999991949836952
32,0.08398437499999999,1.4783895868912021e-06,1.067846350411017e-05,0.9999668551381793
32,0.08496093749999999,1.5104194410412464e-06,1.1175317872091917e-05,1.0000006840041145
32,0.08593749999999999,1.5432321958797273e-06,1.169565639519421e-05,1.0000006201215812
32,0.08691406249999999,1.576928569960463e-06,1.2240440340594017e-05,1.0000013932742613
32,0.08789062499999999,1.6116097192992325e-06,1.2810673135688067e-05,0.9999639490792112
32,0.08886718749999999,1.647376560248748e-06,1.340740381344796e-05,0.999989052457503
32,0.08984374999999999,1.6843299418692525e-06,1.4031729110630664e-05,0.9999940126332986
32,0.09082031249999999,1.7225716238645747e-06,1.4684794492292319e-05,0.999965083855041
32,0.09179687499999999,1.762205907336569e-06,1.5367794513720945e-05,0.9999986426676767
32,0.09277343749999999,1.8033416855328698e-06,1.6081972963322144e-05,0.9999958000053873
32,0.09374999999999999,1.8460946412833176e-06,1.682862320140366e-05,1.0000047630028999
32,0.09472656249999999,1.8905893227409871e-06,1.7616943085219106e-05,0.9999983833220012
32,0.09570312499999999,1.93696087605636e-06,1.850127115116118e-05,1.0000003230982348
32,0.09667968749999999,1.9853562937704686e-06,1.945572080114255e-05,0.9999649091276142
32,0.09765624999999999,2.0359351359024746e-06,2.0454693508253907e-05,0.9999939151974283
32,0.09863281249999999,2.0888697824248356e-06,2.1500060000234633e-05,0.9999921911421911
32,0.09960937499999999,2.144345363419952e-06,2.2593761140721202e-05,0.999967101259273
32,0.10058593749999999,2.2025595741551358e-06,2.3737809776713803e-05,1.0000018976814817
32,0.10156249999999999,2.2637226071980007e-06,2.4934292622957877e-05,1.0000015166033345
32,0.10253906249999999,2.328057418101779e-06,2.618537225579365e-05,1.0000032322556947
32,0.10351562499999999,2.3958004884021556e-06,2.7493289278035515e-05,0.9999636130695165
32,0.10449218749999999,2.4672031678586864e-06,2.886036468585651e-05,0.9999887328507002
32,0.10546874999999999,2.542533580680353e-06,3.0289002453942615e-05,0.9999954482316917
32,0.10644531249999999,2.6220789849611082e-06,3.178169231476957e-05,0.9999665714291248
32,0.10742187499999999,2.7061483964744503e-06,3.335889316768981e-05,1.0000004566577239
32,0.10839843749999999,2.7950752412030944e-06,3.504791595632106e-05,0.9999965095620198
32,0.10937499999999999,2.8892197927154007e-06,3.6814966955955875e-05,1.0000136236214525
32,0.11035156249999999,2.988971181752166e-06,3.8663322285470425e-05,1.0000069357913317
32,0.11132812499999999,3.0947488302636052e-06,4.059638315428993e-05,1.0000006939949577
32,0.11230468749999999,3.207003249461601e-06,4.261768022778556e-05,0.9999672616311001
32,0.11328124999999999,3.326216236132436e-06,4.473087798062547e-05,0.9999963551477274
32,0.11425781249999999,3.4529005898037325e-06,4.6939779051402564e-05,0.9999926057612161
32,0.11523437499999999,3.5875995406114466e-06,4.924832874769747e-05,0.9999675252531016
32,0.11621093749999999,3.7308861156914616e-06,5.1660619538429486e-05,1.0000050248314691
32,0.11718749999999999,3.883362675858314e-06,5.449398694479246e-05,1.0000042239297338
32,0.11816406249999999,4.045660825365169e-06,5.779072102535254e-05,1.0000073914240857
32,0.11914062499999999,4.2184418425117876e-06,6.126848257281825e-05,0.9999645601249186
32,0.12011718749999999,4.402397708014814e-06,6.493614736402531e-05,0.9999898411206465
32,0.12109374999999999,4.598252733811556e-06,6.880297405931213e-05,0.9999992087611104
32,0.12207031249999999,4.8067657300683135e-06,7.287861841109855e-05,0.9999704530269676
32,0.12304687499999999,5.028732602172529e-06,7.717314829980282e-05,1.0000048921516491
32,0.12402343749999999,5.264989248571135e-06,8.181766176024174e-05,0.9999981533565622
32,0.12499999999999999,5.516414635244161e-06,8.67365479562121e-05,1.0000374634610765
32,0.12597656249999997,5.783933949442628e-06,9.192486079068196e-05,1.0000285448462976
32,0.12695312499999997,6.068521777266852e-06,9.739591977159234e-05,1.0000027592100404
32,0.12792968749999997,6.3712052969409204e-06,0.00010316363866041955,0.9999737910608562
32,0.12890624999999997,6.693067524114276e-06,0.00010924254978289527,1.0000032154653247
32,0.12988281249999997,7.035250679112309e-06,0.00011564782887785174,0.9999933400694614
32,0.13085937499999997,7.398959764841246e-06,0.00012239532046864898,0.9999682781347516
32,0.13183593749999997,7.785466446197587e-06,0.00012950156378621624,1.0000123204636342
32,0.13281249999999997,8.196113309167622e-06,0.00013698381947530036,1.0000107782491952
32,0.13378906249999997,8.63231855374794e-06,0.000144860096297883,1.0000181289132986
32,0.13476562499999997,9.095581144925705e-06,0.00015314917975889353,0.9999697172774882
32,0.13574218749999997,9.587486415888316e-06,0.00016187066095652014,0.9999951699172818
32,0.13671874999999997,1.0109712092428847e-05,0.00017104496665543145,1.000007971486576
32,0.13769531249999997,1.0664034691710516e-05,0.00018069339047566135,0.9999795025322787
32,0.13867187499999997,1.1252336243887029e-05,0.00019083812524056665,1.0000133049162627
32,0.13964843749999997,1.1876611292175353e-05,0.00020150229649040785,1.0000248362650446
32,0.14062499999999997,1.2538974143792324e-05,0.00021270999715772287,1.00010428066431
32,0.14160156249999997,1.324166636759311e-05,0.00022448632336335983,1.0000933575906872
32,0.14257812499999997,1.3987064560088265e-05,0.00023685741130985427,1.0000156988200817
32,0.14355468749999997,1.4777688425710495e-05,0.00024985047523318205,0.9999925531567604
32,0.14453124999999997,1.561620923613608e-05,0.00026349384640034224,1.0000227442971088
32,0.14550781249999997,1.6505458745225494e-05,0.0002778474855816282,0.9999972878540224
32,0.14648437499999997,1.744843863955091e-05,0.00029337900388998195,0.9999696381136828
32,0.14746093749999997,1.8448330600528267e-05,0.00030970745428970936,1.0000337332450742
32,0.14843749999999997,1.950850704451404e-05,0.00032687024444127966,1.0000282126354776
32,0.14941406249999997,2.0632542594332862e-05,0.0003449063800047836,1.0000467341127313
32,0.15039062499999997,2.1824226322564144e-05,0.00036385652569881355,0.9999870354984868
32,0.15136718749999997,2.3087574795931952e-05,0.0003837630684233595,1.000013536235908
32,0.15234374999999997,2.4426845943474226e-05,0.00040693826179705184,1.0000315318285826
32,0.15332031249999997,2.584655377001365e-05,0.00043234579741402435,1.0000041883129938
32,0.15429687499999997,2.735148394093045e-05,0.0004591890515331931,1.0000336674206316
32,0.15527343749999997,2.8946710273658574e-05,0.0004875417801759596,1.0001826063612786
32,0.15624999999999997,3.0637612184157755e-05,0.0005174811765743526,1.0002702114039945
32,0.15722656249999997,3.2429893150734683e-05,0.0005490880158838252,1.000253104030519
32,0.15820312499999997,3.432960027101866e-05,0.0005824468054127507,1.000151169653983
32,0.15917968749999997,3.634314499871839e-05,0.0006176459399068746,1.0000389171614332
32,0.16015624999999997,3.847732515380507e-05,0.0006547778614670596,1.0000711506995779
32,0.16113281249999997,4.073934830278609e-05,0.0006939392238198838,1.0000315169445169
32,0.16210937499999997,4.313685660488107e-05,0.0007352310608501611,1.0000069542276484
32,0.16308593749999997,4.5677953216663835e-05,0.000779041962378102,1.0000879419351871
32,0.16406249999999997,4.837123034347345e-05,0.0008269553967255594,1.0000738402202445
32,0.16503906249999997,5.122579902245911e-05,0.0008775857805904397,1.0001250779025161
32,0.16601562499999997,5.425132072112776e-05,0.0009310746826868832,1.0000533514553593
32,0.16699218749999997,5.74580408378598e-05,0.0009875704226229853,1.0000580196573992
32,0.16796874999999997,6.085682419771884e-05,0.001047228361782393,1.0000947451780302
32,0.16894531249999997,6.445919264798205e-05,0.0011102112052757684,1.0000699307028391
32,0.16992187499999997,6.827736487244675e-05,0.001176689315370405,1.0003871600590994
32,0.17089843749999997,7.232429856066456e-05,0.0012468410367817429,1.0006447753963248
32,0.17187499999999997,7.661373508626098e-05,0.0013208530341944913,1.0007529649354423
32,0.17285156249999997,8.116024686587387e-05,0.001398920644499646,1.000711741501889
32,0.17382812499999997,8.597928758579681e-05,0.0014812482337289712,1.0006242193482162
32,0.17480468749999997,9.108724549599744e-05,0.0015680495785723725,1.0003960276743051
32,0.17578124999999997,9.650149998066706e-05,0.0016595482547530072,1.0002132379895228
32,0.17675781249999997,0.00010224048162114738,0.00175597804030303,1.0001356197455167
32,0.17773437499999997,0.00010832373597160922,0.0018575833332438174,1.000151190257924
32,0.17871093749999997,0.00011477199127194059,0.001964619583824989,1.000239375890873
32,0.17968749999999997,0.00012160723032709773,0.0020773537417224652,1.0002468372477549
32,0.18066406249999997,0.00012885276678935634,0.002196064718613111,1.0003346326448899
32,0.18164062499999997,0.00013653332609073044,0.0023210438665590694,1.0002724028745147
32,0.18261718749999997,0.00014467513128789896,0.00245259547264276,1.0001832600453067
32,0.18359374999999997,0.00015330599410173456,0.002591037270282315,1.0004515951843924
32,0.18457031249999997,0.0001624554114575245,0.002736700967658323,1.0010537580705392
32,0.18554687499999997,0.00017215466785932093,0.0028931596360937117,1.0015082572516116
32,0.18652343749999997,0.00018243694396155618,0.0030596676866596617,1.00181510886125
32,0.18749999999999997,0.00019333743173149576,0.0032350780867279605,1.0019743512746062
32,0.18847656249999997,0.00020489345662619719,0.003419831700716802,1.001986044882666
32,0.18945312499999997,0.00021714460723630644,0.0036236152860444903,1.001850271841897
32,0.19042968749999997,0.00023013287287562315,0.003850834302327355,1.0016707870212558
32,0.19140624999999997,0.00024390278962002708,0.004091242510913418,1.001350173243506
32,0.19238281249999997,0.00025850159532258047,0.004345547315426801,1.0008826049126782
32,0.19335937499999997,0.00027397939415442144,0.004614490988140485,1.0005335477592818
32,0.19433593749999997,0.00029038933124500875,0.004898852252448571,1.0006388074461028
32,0.19531249999999997,0.00030778777802174253,0.005199447893377562,1.0007567681440965
32,0.19628906249999997,0.0003262345288796337,0.005517134437309612,1.0008717058485261
32,0.19726562499999997,0.0003457930098475718,0.0058528098955455965,1.0012347358416847
32,0.19824218749999997,0.0003665304999597501,0.00620741557425597,1.00226408730861
32,0.19921874999999997,0.0003885183660889614,0.0065819379534481914,1.0031519741063353
32,0.20019531249999997,0.0004118323120527269,0.00697741063755597,1.003898594598232
32,0.20117187499999997,0.00043655264286246274,0.007394916380184191,1.0045041740699994
32,0.20214843749999997,0.0004627645450493136,0.007835589185402836,1.0049689642889157
32,0.20312499999999997,0.0004905583840664248,0.008300616487829426,1.0052932430018122
32,0.20410156249999997,0.0005200300198352468,0.008805444352299352,1.00547731336701
32,0.20507812499999997,0.000551281141572158,0.009339474847393725,1.0055215033151117
32,0.20605468749999997,0.0005844196231006729,0.00990369495707577,1.0054261648332232
32,0.20703124999999997,0.0006195598999242284,0.010499691949296341,1.0051916731668766
32,0.20800781249999997,0.0006568233694053438,0.011129130289586175,1.0048184259335813
32,0.20898437499999997,0.0006963388154703783,0.01179910734240186,1.0043068421416264
32,0.20996093749999997,0.000738242859336541,0.012512185765784056,1.0036573611073776
32,0.21093749999999997,0.0007826804378408777,0.013265469882611014,1.0048264866073164
32,0.21191406249999997,0.0008298053110415925,0.01406106734868895,1.006438686870806
32,0.21289062499999997,0.0008797806008613586,0.014901187893929801,1.0079221794583044
32,0.21386718749999997,0.0009327793626514655,0.015788147786739537,1.009277583128904
32,0.21484374999999997,0.0009889851916750432,0.016724374525741936,1.0105055557259335
32,0.21582031249999997,0.0010485928666374743,0.01771241171604887,1.0116067936983029
32,0.21679687499999997,0.0011118090325314713,0.018754924104314674,1.0125820315234662
32,0.21777343749999997,0.00117885292521325,0.019854702817044823,1.0134320410238489
32,0.21874999999999997,0.001249957140282704,0.021014670797401602,1.0141576305680196
32,0.21972656249999997,0.001325368449005012,0.022237888446450915,1.0147596441472766
32,0.22070312499999997,0.0014053486641820063,0.023527559474846527,1.0152389603177117
32,0.22167968749999997,0.0014901755590595173,0.02488703697100969,1.0155964909971664
32,0.22265624999999997,0.0015801438425421387,0.026319829691912378,1.0158331801058422
32,0.22363281249999997,0.0016755661941802913,0.02782960858262562,1.015950002038618
32,0.22460937499999997,0.0017767743625977585,0.029421030708007723,1.0159479599564112
32,0.22558593749999997,0.0018841203312432602,0.03114931507051888,1.0176932970955004
32,0.22656249999999997,0.0019979775555786744,0.032972758912383604,1.020143851049313
32,0.22753906249999997,0.0021187422760621,0.03489625791134532,1.0224960326815828
32,0.22851562499999997,0.0022468349115475914,0.03707697592458181,1.0247515758349257
32,0.22949218749999997,0.002382701538006843,0.03940299481549703,1.0269122854993455
32,0.23046874999999997,0.002526815457782767,0.04186567417109088,1.0289800375102462
32,0.23144531249999997,0.002679678864911399,0.04447250897041588,1.030956778083148
32,0.23242187499999997,0.002841824612397055,0.04723137562384794,1.0329123296045175
32,0.23339843749999997,0.003013818087696665,0.05015054950499431,1.0348883994981959
32,0.23437499999999997,0.0031962592030622037,0.053238723675423705,1.0367951642867073
32,0.23535156249999997,0.003389784507805378,0.056505028138093105,1.038635709092218
32,0.23632812499999997,0.003595069429986518,0.05995904990265111,1.0404132140234097
32,0.23730468749999997,0.003812830655490825,0.06361085388669363,1.0421309521693007
32,0.23828124999999997,0.004043828652940862,0.06747100466455658,1.0437922871574163
32,0.23925781249999997,0.004288870353406676,0.07155058909135614,1.0477930655439425
32,0.24023437499999997,0.00454881199441694,0.07586123983054838,1.052434428078348
32,0.24121093749999997,0.004824562138348119,0.0804151598138848,1.0570754613448945
32,0.24218749999999997,0.0051170848758792555,0.08522514766323996,1.061722265973552
32,0.24316406249999997,0.0054274032258479045,0.0903311799869222,1.0663811742696143
32,0.24414062499999997,0.005756602743535671,0.09585785512678902,1.071058753131906
32,0.24511718749999997,0.006105835350148367,0.10170251862054014,1.0757618066524515
32,0.24609374999999997,0.006476323397042964,0.10788232497181727,1.0804973783571274
32,0.24707031249999997,0.006869363979091203,0.1144152915834733,1.0852727530435589
32,0.24804687499999997,0.007286333512461291,0.12132292706855441,1.0900954581690043
32,0.24902343749999997,0.007728692593046808,0.12871631006883788,1.0949732647372412
32,0.24999999999999997,0.0081979911527769,0.1365334418902897,1.0999141876294578
32,0.25097656249999994,0.008695873932107216,0.14479708246638245,1.105464484152188
32,0.25195312499999994,0.00922408628811918,0.1535311299541171,1.114188331636056
32,0.25292968749999994,0.00978448035884852,0.16276067321787102,1.1230846279334592
32,0.25390624999999994,0.010379021605727838,0.1725120461579942,1.132167053545663
32,0.25488281249999994,0.011009795757365165,0.1828128842142277,1.1414498185373303
32,0.25585937499999994,0.011679016179298332,0.19369218388479847,1.1509476743573033
32,0.25683593749999994,0.012389031695867775,0.20518036397039863,1.1606759254211345
32,0.25781249999999994,0.013142334891945877,0.21730932947602344,1.1706504403990505
32,0.25878906249999994,0.013941570923956065,0.23011253806088428,1.1808876631480656
32,0.25976562499999994,0.014789546871416138,0.24362506911935322,1.1914046232216973
32,0.26074218749999994,0.015689241662155747,0.2578836955774093,1.2022189458850328
32,0.26171874999999994,0.01664381660639412,0.2729269584905142,1.2133488615568322
32,0.26269531249999994,0.017656626577029377,0.28879524453020955,1.2285887718375545
32,0.26367187499999994,0.01873123187579025,0.3055308664480211,1.2449742632436225
32,0.26464843749999994,0.019871410827343845,0.32334579052614726,1.2618830776868737
32,0.26562499999999994,0.021081173146045323,0.34254374493810597,1.279344662144397
32,0.26660156249999994,0.02236477412276634,0.3628171752813846,1.297389634127316
32,0.26757812499999994,0.023726729682154776,0.38527256382610786,1.3160498149011157
32,0.26855468749999994,0.0251718323637713,0.4094822295492313,1.3353582628925307
32,0.26953124999999994,0.026705168283826825,0.4351270172564241,1.3554555474902554
32,0.27050781249999994,0.028332135137721492,0.4622868969244148,1.377841690020879
32,0.27148437499999994,0.03005846130727257,0.49104600197272297,1.4034576774033216
32,0.27246093749999994,0.03189022614043164,0.521492830352687,1.433668160478983
32,0.27343749999999994,0.033833881475441474,0.5537204515582351,1.4651684287138604
32,0.27441406249999994,0.035896274485791656,0.5878267255957935,1.4980294088685209
32,0.27539062499999994,0.03808467192701311,0.6239145308555379,1.5323252446406344
32,0.27636718749999994,0.04040678587131842,0.6620920007255618,1.5681334171661776
32,0.27734374999999994,0.042870801021377,0.7024727706665088,1.6055348685845374
32,0.27832031249999994,0.04548540370011816,0.7451762356901039,1.6446141286328273
32,0.27929687499999994,0.04825981261940545,0.7903278186083383,1.6854594442222444
32,0.28027343749999994,0.051203811536748356,0.8380592494282934,1.7286206944979807
32,0.28124999999999994,0.054327783915917006,0.8885088562756105,1.7806135312030626
32,0.28222656249999994,0.05764274971444948,0.9418218682374113,1.8350496281050177
32,0.28320312499999994,0.061160404428584905,0.9988764696190466,1.8920594400942867
32,0.28417968749999994,0.06489316053417132,1.0602252685087459,1.95177952437499
32,0.28515624999999994,0.06885419147059013,1.1251386579399254,2.014352788626794
32,0.28613281249999994,0.07305747832376007,1.1938119500185778,2.0799287471924353
32,0.28710937499999994,0.07751785937384327,1.2664504927184754,2.1486637854070407
32,0.28808593749999994,0.08225108268342961,1.3440012491555886,2.220721432174728
32,0.28906249999999994,0.08727386191274489,1.4261679995620373,2.2962726408859946
32,0.29003906249999994,0.09260393555986211,1.513086586829946,2.3790146698224603
32,0.29101562499999994,0.09826012983602644,1.6050160019280684,2.471523443864141
32,0.29199218749999994,0.10426242539908862,1.7022284547837447,2.568668916392904
32,0.29296874999999994,0.11063202818171541,1.8050099996458233,2.6706952150489807
32,0.29394531249999994,0.11739144456555513,1.913661187100886,2.777858104116865
32,0.29492187499999994,0.12456456116794976,2.0284977357221408,2.890425480900519
32,0.29589843749999994,0.13217672952412957,2.1498512480506755,3.0086778900741438
32,0.29687499999999994,0.14025485596519344,2.2780699447805044,3.132909056454501
32,0.29785156249999994,0.14882749701057169,2.4135194326613503,3.263426436636465
32,0.29882812499999994,0.15792496061324443,2.556583504207996,3.4005517899276483
32,0.29980468749999994,0.16757941361668885,2.707664970316433,3.5446217690102615
32,0.30078124999999994,0.1778249958045649,2.8671865269110954,3.700863793292258
32,0.30175781249999994,0.1886979409474733,3.0355916567709724,3.872349747127274
32,0.30273437499999994,0.20023670527590784,3.2133455677052556,4.0527826615040095
32,0.30371093749999994,0.21248210383480565,3.400936168271226,4.2426303703130115
32,0.30468749999999994,0.2254774552030033,3.602476064819339,4.4423832687233125
32,0.30566406249999994,0.23926873509051033,3.81802600967501,4.6629915008485305
32,0.30664062499999994,0.2539047393579197,4.051121417376844,4.900140108209802
32,0.30761718749999994,0.26943725703565197,4.306121155651705,5.150571312154121
32,0.30859374999999994,0.2859212539560797,4.5763411696340235,5.415014407329657
32,0.30957031249999994,0.3034150676491712,4.862639863022833,5.694235647413243
32,0.31054687499999994,0.32198061419213136,5.165921117144706,5.989039949642501
32,0.31152343749999994,0.34168360774583006,5.4871365308240545,6.31172583360908
32,0.31249999999999994,0.3625937935556952,5.827287768137287,6.658757380439832
32,0.31347656249999994,0.384785195242378,6.187428990018193,7.025653695573031
32,0.31445312499999994,0.408336377258061,6.568669404765899,7.413522970015605
32,0.31542968749999994,0.4333307234379017,6.972175949963625,7.82353114306889
32,0.31640624999999994,0.4598567326330274,7.399176068103732,8.256904678104004
32,0.31738281249999994,0.4880083324718932,7.850960610820678,8.714933466942265
32,0.31835937499999994,0.5178852123608905,8.328886868972631,9.198973860081342
32,0.31933593749999994,0.5495931769030986,8.834381733207344,9.71045182740275
32,0.32031249999999994,0.5832445209862226,9.36894498976557,10.250866254113925
32,0.32128906249999994,0.6189584278673355,9.934152756391695,10.82179237679455
32,0.32226562499999994,0.65686139166327,10.531661063336454,11.424885364531969
32,0.32324218749999994,0.6970876657417716,11.176347744778893,12.061884050243547
32,0.32421874999999994,0.7397797385999403,11.864764849992962,12.734614817394478
32,0.32519531249999994,0.7850888389136544,12.593471675765178,13.444995647427
32,0.32617187499999994,0.8331754715446156,13.364701416475116,14.195040333320877
32,0.32714843749999994,0.8842099864010305,14.185911910960808,15.005393165975374
32,0.32812499999999994,0.9383731821639018,15.057801846005066,15.87572069525036
32,0.32910156249999994,0.9958569470140239,15.98060211894158,16.795868056965006
32,0.33007812499999994,1.0568649386253184,16.95712675332879,17.76856891409276
32,0.33105468749999994,1.1216133058287885,17.990336126707515,18.796697822770987
32,0.33203124999999994,1.1903314544983867,19.0833440563065,19.883276986137435
32,0.33300781249999994,1.2632628603660512,20.23942520014196,21.031483303174824
32,0.33398437499999994,1.340665931638789,21.462022820454024,22.244655756623686
32,0.33496093749999994,1.422814924466269,22.754756713619848,23.526303006578793
32,0.33593749999999994,1.5100009144937305,24.121431751333855,24.880111438484136
32,0.33691406249999994,1.6025328279328412,25.56604661102687,26.309953522099583
32,0.33789062499999994,1.7007385357928173,27.092802925585524,27.81989649523783
32,0.33886718749999994,1.8049660151368758,28.70611482322099,29.414211428828636
32,0.33984374999999994,1.9155845814651569,30.410618871608154,31.097382672024732
32,0.34082031249999994,2.0329861965759886,32.21118444076361,32.87411769076619
32,0.34179687499999994,2.157586856523184,34.1129244994745,34.74935731352951
32,0.34277343749999994,2.2898280645693077,36.121206860428494,36.72828639829157
32,0.34374999999999994,2.430178394334089,38.24166588952688,38.84628837232307
32,0.34472656249999994,2.5791351486548053,40.54006553343917,41.263591379913954
32,0.34570312499999994,2.7372261200125365,42.981435021611865,43.82628858686157
32,0.34667968749999994,2.9050114587355624,45.69136002819146,46.542715221296724
32,0.34765624999999994,3.0830856555705872,48.56392868928012,49.42165729928039
32,0.34863281249999994,3.2720796456149412,51.60840156798277,52.47237442410435
32,0.34960937499999994,3.4726630410298513,54.834536654936336,55.70462364604505
32,0.35058593749999994,3.6855465004078116,58.25261433213243,59.12868442632784
32,0.35156249999999994,3.911484243147974,61.87346348616368,62.755384750512036
32,0.35253906249999994,4.151276717702868,65.70848887994525,66.5961285003481
32,0.35351562499999994,4.40577343310135,69.76969964895753,70.66292395015304
32,0.35449218749999994,4.675875963726118,74.06973896769811,74.96841343339207
32,0.35546874999999994,4.962541137933228,78.62191552942191,79.52590482254536
32,0.35644531249999994,5.266784421747198,83.44023602660907,84.3494040096996
32,0.35742187499999994,5.589683509550262,88.53943919430316,89.45364895000668
32,0.35839843749999994,5.932382134411723,93.93503136177073,94.85414521346078
32,0.35937499999999994,6.296094111474768,99.64332356998796,100.56720310249925
32,0.36035156249999994,6.68210762863594,105.68147031403902,106.60997639451223
32,0.36132812499999994,7.091789799621473,112.06750997108684,113.00050276992157
32,0.36230468749999994,7.52659149548469,118.82040697614458,119.75774598805715
32,0.36328124999999994,7.988052471526586,126.16565130374158,127.02337991374185
32,0.36425781249999994,8.477806807677664,133.9541613126611,134.8181341687827
32,0.36523437499999994,8.997588681478932,142.20101920748016,143.07110619858886
32,0.36621093749999994,9.549238493966307,150.95897334067476,151.807927210787
32,0.36718749999999994,10.13470937000034,160.27821383509786,161.0555833881489
32,0.36816406249999994,10.756074055895688,170.1458486082565,170.84248297388993
32,0.36914062499999994,11.415532238597006,180.59253264918252,181.19852641495768
32,0.37011718749999994,12.115418312126339,191.65053950189568,192.15517968705825
32,0.37109374999999994,12.8582096185925,203.35384118684382,203.7455509291937
32,0.37207031249999994,13.64653519271674,215.7381917446868,216.0044705195744
32,0.37304687499999994,14.483185040591625,228.84121454714153,228.96857472891912
32,0.37402343749999994,15.371119985261009,242.70249407874792,242.6763934080596
32,0.37499999999999994,16.313482113692835,257.3636696817951,257.16844057867456
32,0.37597656249999994,17.313605861822275,272.8685364821981,272.4873097695662
32,0.37695312499999994,18.375029776574706,289.2631489521094,288.67777390430024
32,0.37792968749999994,19.50150899614638,306.5959293412925,305.78688878348834
32,0.37890624999999994,20.697028492333892,324.91778088727085,323.97623682208786
32,0.37988281249999994,21.965817121367945,344.2822059352838,343.33659860990326
32,0.38085937499999994,23.312362532532827,364.74542915017054,363.7959009695775
32,0.38183593749999994,24.741426986853263,386.36652600702615,385.41321996667193
32,0.38281249999999994,26.258064141308896,409.2075567521584,408.25061641642617
32,0.38378906249999994,27.867636857411625,433.43656154400406,432.76555001757106
32,0.38476562499999994,29.575836096558334,459.70986710747405,460.116215930292
32,0.38574218749999994,31.388700968367942,488.2213448477532,489.12001931344713
32,0.38671874999999994,33.31264000223605,518.9681121143582,519.8721014074816
32,0.38769531249999994,35.35445371661326,551.5636201275973,552.4727881106878
32,0.38867187499999994,37.52135856503868,586.1136454186333,587.0278551743368
32,0.38964843749999994,39.82101234276772,622.7296920754086,623.6488059270987
32,0.39062499999999994,42.261541142926454,661.5292825250772,662.4531620575884
32,0.39160156249999994,44.85156795652857,702.6362619216789,703.564768002152
32,0.39257812499999994,47.60024301642586,746.1811171975271,747.1141099963619
32,0.39355468749999994,50.51727599133909,792.301310683451,793.2386496953636
32,0.39453124999999994,53.61297014256653,841.1416251573188,842.0831692225019
32,0.39550781249999994,56.89825856280599,892.8545328836451,893.8001402090256
32,0.39648437499999994,60.38474262377814,947.6005753432437,948.5501035238367
32,0.39746093749999994,64.08473276703363,1005.5487618069916,1006.5020678473458
